GROUP_SET,GROUP_ID,GROUP_NAME,TEAM_ID,TEAM_ABBREVIATION,GP,W,L,W_PCT,MIN,E_OFF_RATING,OFF_RATING,E_DEF_RATING,DEF_RATING,E_NET_RATING,NET_RATING,AST_PCT,AST_TO,AST_RATIO,OREB_PCT,DREB_PCT,REB_PCT,TM_TOV_PCT,EFG_PCT,TS_PCT,E_PACE,PACE,PACE_PER40,POSS,PIE,GP_RANK,W_RANK,L_RANK,W_PCT_RANK,MIN_RANK,OFF_RATING_RANK,DEF_RATING_RANK,NET_RATING_RANK,AST_PCT_RANK,AST_TO_RANK,AST_RATIO_RANK,OREB_PCT_RANK,DREB_PCT_RANK,REB_PCT_RANK,TM_TOV_PCT_RANK,EFG_PCT_RANK,TS_PCT_RANK,PACE_RANK,PIE_RANK,SUM_TIME_PLAYED
Lineups,-203114-203468-1642259-1642267-1642273-,K. Middleton - C. McCollum - A. Sarr - B. Carrington - K. George,1610612764,WAS,7,1,6,0.143,71.0,115.3,115.4,124.7,123.4,-9.3,-8.0,0.642,2.15,19.6,0.27,0.792,0.527,0.128,0.574,0.6,104.3,104.8,87.34,156,0.469,1,2,282,62,1,92,167,143,94,27,91,94,87,77,166,97,106,173,110,212970
Lineups,-203114-203468-1641731-1642259-1642273-,K. Middleton - C. McCollum - B. Coulibaly - A. Sarr - K. George,1610612764,WAS,4,0,4,0.0,61.0,102.2,103.2,112.9,113.1,-10.7,-9.9,0.733,1.83,19.2,0.191,0.717,0.438,0.143,0.519,0.541,100.9,100.34,83.61,126,0.389,7,63,272,63,2,104,147,147,76,45,93,118,102,147,167,110,126,207,140,183700
Lineups,-1628963-1630557-1641715-1642273-1642848-,M. Bagley III - C. Kispert - C. Whitmore - K. George - T. Johnson,1610612764,WAS,5,1,4,0.2,39.0,98.9,94.5,124.9,122.0,-25.9,-27.5,0.6,1.13,15.4,0.182,0.633,0.419,0.176,0.529,0.559,108.4,112.18,93.48,91,0.378,4,2,272,58,3,139,162,166,99,56,111,119,132,158,186,107,119,120,142,116815
Lineups,-203468-1628963-1630551-1642267-1642273-,C. McCollum - M. Bagley III - J. Champagnie - B. Carrington - K. George,1610612764,WAS,4,1,3,0.25,38.0,130.7,128.9,121.1,122.4,9.6,6.6,0.595,1.83,21.0,0.276,0.775,0.565,0.158,0.719,0.721,96.8,96.93,80.78,76,0.491,7,2,264,56,4,63,165,84,105,45,68,92,88,67,172,59,64,223,105,112905
Lineups,-203114-203468-1628963-1641731-1642273-,K. Middleton - C. McCollum - M. Bagley III - B. Coulibaly - K. George,1610612764,WAS,3,1,2,0.333,37.0,121.0,125.3,115.8,116.7,5.1,8.6,0.643,3.0,22.7,0.342,0.75,0.529,0.114,0.617,0.605,102.7,100.51,83.76,79,0.545,14,2,225,49,5,66,150,82,93,17,57,68,90,76,158,87,104,204,88,112470
Lineups,-1628963-1630557-1641715-1642267-1642848-,M. Bagley III - C. Kispert - C. Whitmore - B. Carrington - T. Johnson,1610612764,WAS,6,1,5,0.167,37.0,118.1,113.3,121.0,118.1,-2.9,-4.8,0.657,2.3,20.2,0.222,0.769,0.507,0.12,0.601,0.622,104.5,108.06,90.05,83,0.487,2,2,279,60,6,96,157,141,92,26,71,112,89,80,161,92,94,145,107,110610
Lineups,-203114-203468-1642259-1642273-1642848-,K. Middleton - C. McCollum - A. Sarr - K. George - T. Johnson,1610612764,WAS,5,1,4,0.2,31.0,132.5,131.0,107.9,104.4,24.6,26.6,0.622,2.09,21.3,0.438,0.649,0.551,0.155,0.638,0.653,103.9,106.17,88.47,71,0.604,4,2,272,58,7,62,137,65,98,28,66,52,130,69,171,79,83,156,76,94265
Lineups,-203468-1628963-1630557-1641715-1642267-,C. McCollum - M. Bagley III - C. Kispert - C. Whitmore - B. Carrington,1610612764,WAS,4,0,4,0.0,29.0,122.4,124.2,129.6,127.4,-7.2,-3.2,0.481,1.86,15.5,0.345,0.485,0.419,0.113,0.564,0.612,104.3,104.37,86.98,62,0.479,7,63,272,63,8,75,180,139,141,44,110,67,174,158,157,100,100,175,108,85540
Lineups,-1630551-1641715-1641774-1642267-1642273-,J. Champagnie - C. Whitmore - T. Vukcevic - B. Carrington - K. George,1610612764,WAS,3,1,2,0.333,25.0,115.6,107.1,134.6,130.9,-19.1,-23.8,0.8,4.0,19.8,0.333,0.565,0.434,0.071,0.469,0.536,100.3,105.64,88.04,56,0.435,14,2,225,49,9,102,186,160,66,6,90,69,146,148,138,133,128,166,123,75650
Lineups,-203114-203468-1642259-1642267-1642848-,K. Middleton - C. McCollum - A. Sarr - B. Carrington - T. Johnson,1610612764,WAS,6,1,5,0.167,24.0,98.2,94.5,128.2,127.3,-30.0,-32.7,0.8,2.0,21.6,0.12,0.565,0.333,0.145,0.511,0.542,106.7,109.17,90.97,55,0.353,2,2,279,60,10,138,177,168,66,29,65,130,146,172,170,113,125,140,149,72550
Lineups,-203468-1630551-1641731-1642259-1642273-,C. McCollum - J. Champagnie - B. Coulibaly - A. Sarr - K. George,1610612764,WAS,2,0,2,0.0,20.0,103.3,111.9,111.5,116.7,-8.2,-4.8,0.684,1.63,20.3,0.409,0.565,0.489,0.19,0.525,0.54,107.1,100.55,83.79,42,0.42,27,63,225,63,11,98,150,140,79,48,70,53,146,131,193,109,127,203,129,60150
Lineups,-203114-203468-1630557-1641731-1642259-,K. Middleton - C. McCollum - C. Kispert - B. Coulibaly - A. Sarr,1610612764,WAS,1,1,0,1.0,18.0,151.0,151.3,75.8,79.5,75.1,71.8,0.545,12.0,21.8,0.222,0.667,0.489,0.026,0.692,0.701,108.6,105.92,88.27,39,0.791,73,2,1,1,12,35,78,31,106,1,64,112,107,131,132,62,70,158,50,53020
Lineups,-203468-1630557-1641731-1642259-1642273-,C. McCollum - C. Kispert - B. Coulibaly - A. Sarr - K. George,1610612764,WAS,1,0,1,0.0,17.0,117.7,119.4,118.0,117.1,-0.2,2.3,0.733,3.67,20.8,0.286,0.682,0.488,0.083,0.514,0.544,102.8,102.44,85.37,36,0.514,73,63,36,63,14,86,156,87,76,16,69,89,106,133,142,112,123,191,96,49900
Lineups,-203468-1641715-1642259-1642273-1642848-,C. McCollum - C. Whitmore - A. Sarr - K. George - T. Johnson,1610612764,WAS,5,0,5,0.0,17.0,89.8,85.4,105.2,105.1,-15.4,-19.8,0.385,0.56,10.4,0.176,0.643,0.467,0.22,0.518,0.548,108.9,111.82,93.19,41,0.393,4,63,279,63,13,153,138,158,146,91,148,121,131,136,206,111,122,124,138,51510
Lineups,-203468-1628963-1630551-1641731-1642273-,C. McCollum - M. Bagley III - J. Champagnie - B. Coulibaly - K. George,1610612764,WAS,1,0,1,0.0,16.0,92.9,90.9,96.0,97.0,-3.1,-6.1,0.375,0.5,7.3,0.263,0.727,0.512,0.182,0.365,0.48,100.0,100.57,83.81,33,0.5,73,63,36,63,16,143,95,142,147,92,159,95,101,79,187,153,149,202,97,47250
Lineups,-1641715-1641774-1642267-1642273-1642860-,C. Whitmore - T. Vukcevic - B. Carrington - K. George - W. Riley,1610612764,WAS,2,0,2,0.0,16.0,131.6,121.2,141.4,154.5,-9.8,-33.3,0.929,6.5,26.0,0.333,0.688,0.516,0.061,0.571,0.617,102.1,101.32,84.43,33,0.444,27,63,225,63,17,80,224,169,65,2,35,69,105,78,137,98,95,198,120,46900
Lineups,-203114-203468-1630551-1642259-1642267-,K. Middleton - C. McCollum - J. Champagnie - A. Sarr - B. Carrington,1610612764,WAS,4,1,3,0.25,16.0,124.1,119.4,167.4,161.1,-43.3,-41.7,0.529,3.0,18.0,0.316,0.429,0.364,0.083,0.559,0.587,101.3,105.26,87.72,36,0.36,7,2,264,56,15,86,228,180,107,17,97,88,175,171,142,102,111,171,146,49250
Lineups,-203468-1630551-1641774-1642267-1642273-,C. McCollum - J. Champagnie - T. Vukcevic - B. Carrington - K. George,1610612764,WAS,3,1,2,0.333,15.0,116.6,114.7,134.8,133.3,-18.2,-18.6,0.625,1.25,22.2,0.091,0.364,0.273,0.235,0.731,0.738,106.4,107.92,89.93,34,0.454,14,2,225,49,18,95,187,157,96,55,58,131,178,191,211,57,57,146,117,44700
Lineups,-203114-203468-1628963-1642273-1642364-,K. Middleton - C. McCollum - M. Bagley III - K. George - J. Watkins,1610612764,WAS,1,0,1,0.0,13.0,100.9,103.8,138.1,146.2,-37.2,-42.3,0.6,1.0,17.1,0.273,0.667,0.478,0.231,0.548,0.593,103.8,99.44,82.87,26,0.269,73,63,36,63,19,103,202,182,99,57,99,93,107,135,210,104,109,212,161,37650
Lineups,-1641731-1642259-1642267-1642273-1642848-,B. Coulibaly - A. Sarr - B. Carrington - K. George - T. Johnson,1610612764,WAS,3,0,3,0.0,10.0,80.2,85.7,78.7,78.3,1.5,7.5,0.5,0.67,14.8,0.222,0.583,0.429,0.286,0.5,0.516,112.7,109.43,91.19,21,0.545,14,63,264,63,22,151,77,83,108,87,117,112,142,149,228,114,134,139,88,28950
Lineups,-1630557-1641715-1642259-1642267-1642273-,C. Kispert - C. Whitmore - A. Sarr - B. Carrington - K. George,1610612764,WAS,3,0,3,0.0,10.0,130.6,121.7,130.8,122.7,-0.2,-1.0,0.5,6.0,19.4,0.2,0.545,0.381,0.043,0.614,0.624,97.3,104.01,86.68,23,0.515,14,63,264,63,20,79,166,137,108,3,92,115,149,169,133,88,93,179,94,31150
Lineups,-1641715-1642259-1642267-1642273-1642848-,C. Whitmore - A. Sarr - B. Carrington - K. George - T. Johnson,1610612764,WAS,4,0,4,0.0,10.0,43.7,42.1,143.0,142.1,-99.3,-100.0,0.333,0.2,4.8,0.091,0.5,0.235,0.263,0.231,0.279,92.4,94.34,78.62,19,-0.065,7,63,272,63,21,194,201,226,149,110,165,131,150,201,225,181,187,230,228,29000
Lineups,-203468-1641731-1642259-1642273-1642848-,C. McCollum - B. Coulibaly - A. Sarr - K. George - T. Johnson,1610612764,WAS,3,0,3,0.0,9.0,171.0,168.2,151.8,152.4,19.2,15.8,0.75,4.5,27.3,0.25,0.857,0.533,0.091,0.816,0.855,111.4,112.11,93.43,22,0.517,14,63,264,63,23,21,223,77,70,5,29,96,74,74,146,37,30,121,93,27615
Lineups,-203468-1628963-1642267-1642364-1642860-,C. McCollum - M. Bagley III - B. Carrington - J. Watkins - W. Riley,1610612764,WAS,3,1,2,0.333,9.0,135.0,131.6,99.0,100.0,36.0,31.6,0.667,6.0,23.1,0.143,0.615,0.45,0.053,0.667,0.675,98.4,99.13,82.61,19,0.72,14,2,225,49,24,61,96,61,80,3,54,126,134,141,134,63,75,214,59,27600
Lineups,-1628963-1630551-1642267-1642273-1642860-,M. Bagley III - J. Champagnie - B. Carrington - K. George - W. Riley,1610612764,WAS,2,1,1,0.5,9.0,119.8,127.8,82.4,73.7,37.4,54.1,0.444,4.0,12.9,0.6,1.0,0.75,0.056,0.375,0.439,100.4,102.66,85.55,18,0.657,27,2,36,36,25,64,73,44,142,6,137,25,1,23,135,149,153,190,67,25950
Lineups,-1630557-1641715-1641774-1642267-1642273-,C. Kispert - C. Whitmore - T. Vukcevic - B. Carrington - K. George,1610612764,WAS,2,0,2,0.0,8.0,146.4,142.1,108.3,110.0,38.2,32.1,0.636,1.75,25.0,0.4,0.8,0.667,0.211,0.813,0.821,115.6,116.27,96.89,19,0.663,27,63,225,63,27,48,144,60,95,47,36,54,82,32,204,38,37,106,66,24150
Lineups,-1630557-1641715-1641774-1642273-1642848-,C. Kispert - C. Whitmore - T. Vukcevic - K. George - T. Johnson,1610612764,WAS,2,1,1,0.5,8.0,81.8,81.8,28.7,27.3,53.1,54.5,0.375,1.5,11.5,0.077,0.813,0.483,0.091,0.429,0.429,121.8,124.97,104.14,22,0.972,27,2,36,36,26,154,50,43,147,49,144,133,81,134,146,139,158,75,38,25350
Lineups,-203468-1630551-1642259-1642273-1642848-,C. McCollum - J. Champagnie - A. Sarr - K. George - T. Johnson,1610612764,WAS,1,0,1,0.0,8.0,121.2,123.5,86.6,88.2,34.6,35.3,0.5,4.0,16.0,0.4,0.857,0.588,0.059,0.528,0.543,105.0,103.07,85.89,17,0.603,73,63,36,63,28,76,90,56,108,6,109,54,74,57,136,108,124,184,77,23750
Lineups,-203468-1641774-1642364-1642848-1642860-,C. McCollum - T. Vukcevic - J. Watkins - T. Johnson - W. Riley,1610612764,WAS,2,1,1,0.5,7.0,75.1,64.7,181.5,180.0,-106.3,-115.3,0.5,0.5,5.3,0.182,0.5,0.294,0.118,0.25,0.435,98.4,106.67,88.89,17,0.11,27,2,36,36,29,174,242,241,108,92,164,119,150,189,159,172,157,151,181,21600
Lineups,-1641715-1641731-1641774-1642267-1642273-,C. Whitmore - B. Coulibaly - T. Vukcevic - B. Carrington - K. George,1610612764,WAS,2,0,2,0.0,7.0,91.9,93.8,142.2,141.2,-50.3,-47.4,0.6,0.5,13.6,0.5,0.833,0.667,0.375,0.545,0.609,114.4,113.68,94.74,16,0.226,27,63,225,63,30,140,200,186,99,92,134,29,77,32,252,105,102,119,166,20900
Lineups,-203114-203468-1628963-1642267-1642860-,K. Middleton - C. McCollum - M. Bagley III - B. Carrington - W. Riley,1610612764,WAS,2,0,2,0.0,7.0,90.1,85.7,166.7,180.0,-76.6,-94.3,0.2,0.25,6.3,0.167,0.375,0.286,0.286,0.611,0.581,108.4,106.53,88.78,14,0.095,27,63,225,63,31,151,242,224,163,106,161,122,177,190,228,89,113,153,184,19600
Lineups,-203468-1642259-1642267-1642273-1642848-,C. McCollum - A. Sarr - B. Carrington - K. George - T. Johnson,1610612764,WAS,4,0,4,0.0,6.0,86.5,70.6,108.4,106.7,-21.9,-36.1,0.6,1.5,15.0,0.143,0.8,0.529,0.118,0.458,0.466,110.2,123.14,102.62,17,0.431,7,63,272,63,33,166,139,177,99,49,116,126,82,75,159,135,150,82,125,18710
Lineups,-203468-1630557-1641715-1641774-1642848-,C. McCollum - C. Kispert - C. Whitmore - T. Vukcevic - T. Johnson,1610612764,WAS,2,0,2,0.0,6.0,113.6,115.4,173.6,166.7,-60.0,-51.3,0.167,1.0,6.7,0.25,1.0,0.5,0.077,0.6,0.615,105.9,107.14,89.29,13,0.203,27,63,225,63,43,92,230,197,164,57,160,96,1,81,140,93,96,150,170,16800
Lineups,-203468-1630551-1642259-1642267-1642273-,C. McCollum - J. Champagnie - A. Sarr - B. Carrington - K. George,1610612764,WAS,3,0,3,0.0,6.0,62.7,61.5,109.7,107.7,-47.0,-46.2,0.5,0.25,5.9,0.375,1.0,0.583,0.308,0.25,0.34,103.8,105.76,88.14,13,-0.2,14,63,264,63,37,176,141,185,108,106,163,65,1,58,232,172,172,163,241,17700
Lineups,-203468-1630551-1641774-1642267-1642860-,C. McCollum - J. Champagnie - T. Vukcevic - B. Carrington - W. Riley,1610612764,WAS,2,0,2,0.0,6.0,137.5,133.3,162.5,150.0,-25.0,-16.7,0.6,0.0,20.0,0.0,0.667,0.25,0.0,0.611,0.687,95.1,100.47,83.72,12,0.369,27,63,225,63,40,52,203,153,99,111,72,134,107,192,1,89,73,205,143,17200
Lineups,-203468-1628963-1630551-1642267-1642364-,C. McCollum - M. Bagley III - J. Champagnie - B. Carrington - J. Watkins,1610612764,WAS,1,0,1,0.0,6.0,97.6,92.9,110.2,106.7,-12.6,-13.8,1.0,4.0,21.1,0.125,0.857,0.467,0.071,0.417,0.488,104.7,109.03,90.86,14,0.327,73,63,36,63,32,141,139,150,1,6,67,129,74,136,138,142,148,141,154,19150
Lineups,-203468-1628963-1630551-1630557-1641715-,C. McCollum - M. Bagley III - J. Champagnie - C. Kispert - C. Whitmore,1610612764,WAS,2,0,2,0.0,6.0,153.1,150.0,114.8,107.7,38.3,42.3,0.333,2.0,12.5,0.4,0.667,0.5,0.083,0.636,0.705,97.2,101.41,84.51,12,0.538,27,63,225,63,36,36,141,51,149,29,138,54,107,81,142,80,68,197,91,17750
Lineups,-203114-203468-1641715-1642259-1642267-,K. Middleton - C. McCollum - C. Whitmore - A. Sarr - B. Carrington,1610612764,WAS,3,0,3,0.0,6.0,90.0,81.8,162.0,175.0,-72.0,-93.2,0.333,0.25,8.3,0.0,0.0,0.0,0.364,0.75,0.75,90.1,90.25,75.2,11,0.065,14,63,264,63,35,154,238,221,149,106,152,134,192,212,250,43,48,244,193,18350
Lineups,-203114-203468-1641715-1641731-1642273-,K. Middleton - C. McCollum - C. Whitmore - B. Coulibaly - K. George,1610612764,WAS,1,0,1,0.0,6.0,116.5,115.4,93.2,85.7,23.3,29.7,0.5,0.0,16.7,0.25,1.0,0.5,0.0,0.464,0.504,111.4,116.76,97.3,13,0.561,73,63,36,63,44,92,87,63,108,111,100,96,1,81,1,134,140,102,84,16650
Lineups,-203114-203468-1628963-1630551-1642267-,K. Middleton - C. McCollum - M. Bagley III - J. Champagnie - B. Carrington,1610612764,WAS,1,0,1,0.0,6.0,165.2,183.3,81.8,75.0,83.3,108.3,0.625,0.0,26.3,0.4,0.571,0.5,0.0,0.731,0.768,101.6,100.23,83.53,12,0.946,73,63,36,63,39,16,74,16,96,111,34,54,143,81,1,57,44,208,39,17240
Lineups,-1628963-1642267-1642273-1642364-1642860-,M. Bagley III - B. Carrington - K. George - J. Watkins - W. Riley,1610612764,WAS,2,1,1,0.5,6.0,121.1,122.2,125.6,110.0,-4.4,12.2,0.667,2.0,14.3,0.5,0.286,0.385,0.111,0.438,0.496,73.6,78.4,65.33,9,0.474,27,2,36,36,38,78,144,81,80,29,118,29,185,167,152,138,147,275,109,17450
Lineups,-1628963-1630557-1641715-1642267-1642273-,M. Bagley III - C. Kispert - C. Whitmore - B. Carrington - K. George,1610612764,WAS,2,0,2,0.0,6.0,88.1,92.9,110.8,93.3,-22.7,-0.5,0.6,1.0,16.7,0.143,0.6,0.333,0.214,0.455,0.509,115.1,121.86,101.55,14,0.25,27,63,225,63,42,141,94,136,99,57,100,126,135,172,205,136,137,88,163,17135
Lineups,-1631103-1642259-1642267-1642273-1642860-,M. Branham - A. Sarr - B. Carrington - K. George - W. Riley,1610612764,WAS,1,0,1,0.0,6.0,101.1,100.0,153.3,160.0,-52.2,-60.0,1.0,1.33,26.7,0.0,0.75,0.429,0.273,0.643,0.698,89.5,88.16,73.47,11,0.355,73,63,36,63,41,105,225,200,1,53,33,134,90,149,226,77,71,250,147,17150
Lineups,-1631103-1641774-1642358-1642848-1642860-,M. Branham - T. Vukcevic - A. Johnson - T. Johnson - W. Riley,1610612764,WAS,1,0,1,0.0,6.0,142.9,133.3,150.0,150.0,-7.1,-16.7,0.667,4.0,22.2,0.4,0.667,0.545,0.083,0.6,0.656,89.6,92.65,77.21,12,0.5,73,63,36,63,34,52,203,153,80,6,58,54,107,70,142,93,81,239,97,18650
Lineups,-1630264-1630551-1631103-1642364-1642860-,A. Gill - J. Champagnie - M. Branham - J. Watkins - W. Riley,1610612764,WAS,1,0,1,0.0,5.0,128.9,125.0,131.6,127.3,-2.7,-2.3,0.5,1.0,13.3,0.25,1.0,0.4,0.167,0.563,0.705,113.4,117.03,97.53,12,0.447,73,63,36,63,53,67,177,138,108,57,135,96,1,160,173,101,69,101,119,14150
Lineups,-1630264-1631103-1641715-1642364-1642860-,A. Gill - M. Branham - C. Whitmore - J. Watkins - W. Riley,1610612764,WAS,1,0,1,0.0,5.0,36.8,40.0,131.6,130.0,-94.8,-90.0,1.0,0.25,7.7,0.4,0.333,0.375,0.4,0.167,0.291,105.6,101.77,84.81,10,-0.308,73,63,36,63,53,195,184,219,1,106,157,54,179,170,253,189,184,195,254,14150
Lineups,-1630557-1641731-1642259-1642267-1642848-,C. Kispert - B. Coulibaly - A. Sarr - B. Carrington - T. Johnson,1610612764,WAS,2,0,2,0.0,5.0,103.4,100.0,110.5,108.3,-7.2,-8.3,1.0,0.67,14.3,0.333,0.714,0.6,0.273,0.5,0.72,107.2,110.03,91.69,11,0.457,27,63,225,63,50,105,143,145,1,87,118,69,103,49,226,114,65,134,114,15050
Lineups,-203468-1628963-1630557-1641731-1642273-,C. McCollum - M. Bagley III - C. Kispert - B. Coulibaly - K. George,1610612764,WAS,2,0,2,0.0,5.0,118.2,118.2,141.7,127.3,-23.5,-9.1,0.5,1.5,20.0,0.25,0.75,0.5,0.182,0.65,0.65,110.1,116.04,96.7,11,0.439,27,63,225,63,57,88,177,146,108,49,72,96,90,81,187,76,85,107,121,13650
Lineups,-203468-1628963-1630557-1631103-1642267-,C. McCollum - M. Bagley III - C. Kispert - M. Branham - B. Carrington,1610612764,WAS,1,0,1,0.0,5.0,84.7,88.9,123.9,122.2,-39.1,-33.3,0.333,1.0,8.3,0.286,0.5,0.385,0.111,0.35,0.383,95.9,94.25,78.55,9,0.226,73,63,36,63,56,147,163,169,149,57,152,89,150,167,152,154,167,231,167,13750
Lineups,-1630551-1641731-1642259-1642267-1642273-,J. Champagnie - B. Coulibaly - A. Sarr - B. Carrington - K. George,1610612764,WAS,4,0,4,0.0,5.0,118.2,108.3,109.1,85.7,9.1,22.6,0.8,1.33,23.5,0.25,0.6,0.444,0.25,0.813,0.813,105.4,124.55,103.79,12,0.544,7,63,272,63,51,101,87,71,66,53,53,96,135,142,212,38,39,76,90,15030
Lineups,-1630551-1630557-1641715-1642273-1642848-,J. Champagnie - C. Kispert - C. Whitmore - K. George - T. Johnson,1610612764,WAS,1,0,1,0.0,5.0,145.5,123.1,140.0,140.0,5.5,-16.9,0.667,4.0,17.4,0.727,1.0,0.769,0.077,0.533,0.533,92.0,100.73,83.94,13,0.46,73,63,36,63,45,77,196,156,80,6,98,19,1,22,140,106,130,201,113,16440
Lineups,-1630551-1641774-1642267-1642364-1642860-,J. Champagnie - T. Vukcevic - B. Carrington - J. Watkins - W. Riley,1610612764,WAS,1,0,1,0.0,5.0,135.1,150.0,163.0,166.7,-27.9,-16.7,1.0,4.0,28.6,0.5,1.0,0.667,0.125,0.625,0.676,95.7,90.0,75.0,8,0.389,73,63,36,63,58,36,230,153,1,6,23,29,1,32,162,82,74,246,140,13600
Lineups,-203114-203468-1641731-1641774-1642273-,K. Middleton - C. McCollum - B. Coulibaly - T. Vukcevic - K. George,1610612764,WAS,2,0,2,0.0,5.0,40.0,40.0,131.1,133.3,-91.1,-93.3,0.5,0.5,9.1,0.0,0.571,0.308,0.2,0.25,0.25,102.1,101.21,84.35,10,-0.088,27,63,225,63,48,195,187,222,108,92,150,134,143,188,194,172,193,199,230,15650
Lineups,-203114-203468-1630557-1641731-1641774-,K. Middleton - C. McCollum - C. Kispert - B. Coulibaly - T. Vukcevic,1610612764,WAS,1,0,1,0.0,5.0,90.2,100.0,90.0,81.8,0.2,18.2,0.667,2.0,13.3,0.25,1.0,0.5,0.091,0.35,0.451,103.8,102.86,85.71,11,0.515,73,63,36,63,49,105,82,74,80,29,135,96,1,81,146,154,152,188,94,15400
Lineups,-203114-203468-1630551-1641731-1642273-,K. Middleton - C. McCollum - J. Champagnie - B. Coulibaly - K. George,1610612764,WAS,2,0,2,0.0,5.0,128.7,127.3,195.4,200.0,-66.8,-72.7,0.4,1.0,14.3,0.25,0.6,0.444,0.182,0.667,0.709,104.9,104.15,86.79,11,0.2,27,63,225,63,47,65,245,207,143,57,118,96,135,142,187,63,67,177,171,15900
Lineups,-203114-203468-1628963-1630551-1641731-,K. Middleton - C. McCollum - M. Bagley III - J. Champagnie - B. Coulibaly,1610612764,WAS,2,1,1,0.5,5.0,131.6,118.2,182.0,172.7,-50.4,-54.5,0.4,1.0,12.5,0.6,0.25,0.444,0.182,0.611,0.658,103.0,111.55,92.96,11,0.354,27,2,36,36,52,88,237,198,143,57,138,25,186,142,187,89,80,126,148,14200
Lineups,-1628963-1630557-1631103-1642267-1642848-,M. Bagley III - C. Kispert - M. Branham - B. Carrington - T. Johnson,1610612764,WAS,1,0,1,0.0,5.0,96.9,90.9,120.0,120.0,-23.1,-29.1,0.75,1.5,18.8,0.333,1.0,0.6,0.182,0.5,0.536,103.8,107.23,89.36,11,0.488,73,63,36,63,55,143,159,167,70,49,94,69,1,49,187,114,128,149,106,14100
Lineups,-1631103-1641774-1642273-1642364-1642860-,M. Branham - T. Vukcevic - K. George - J. Watkins - W. Riley,1610612764,WAS,1,0,1,0.0,5.0,142.6,158.3,85.7,85.7,56.9,72.6,0.714,2.5,25.0,0.6,0.5,0.545,0.167,0.667,0.713,120.7,114.85,95.71,12,0.784,73,63,36,63,46,34,87,30,78,25,36,25,150,70,173,63,66,115,51,16300
Lineups,-1630264-1630551-1641774-1642358-1642860-,A. Gill - J. Champagnie - T. Vukcevic - A. Johnson - W. Riley,1610612764,WAS,1,0,1,0.0,4.0,50.0,44.4,122.2,122.2,-72.2,-77.8,0.0,0.0,0.0,0.375,0.75,0.5,0.111,0.2,0.2,99.9,105.8,88.16,9,-0.111,73,63,36,63,68,193,163,213,166,111,166,65,90,81,152,182,200,161,232,12250
Lineups,-1630264-1631103-1641774-1642358-1642860-,A. Gill - M. Branham - T. Vukcevic - A. Johnson - W. Riley,1610612764,WAS,1,0,1,0.0,4.0,134.1,137.5,72.7,62.5,61.5,75.0,0.75,0.0,27.3,0.0,0.667,0.4,0.0,0.75,0.671,100.1,106.18,88.48,8,0.871,73,63,36,63,79,49,65,27,70,111,29,134,107,160,1,43,77,155,45,10850
Lineups,-1642259-1642267-1642358-1642848-1642860-,A. Sarr - B. Carrington - A. Johnson - T. Johnson - W. Riley,1610612764,WAS,2,0,2,0.0,4.0,147.1,160.0,118.5,125.0,28.6,35.0,1.0,0.0,33.3,0.4,0.6,0.5,0.0,0.636,0.673,103.8,96.72,80.6,10,0.714,27,63,225,63,60,30,168,57,1,111,10,54,135,81,1,80,76,224,60,13400
Lineups,-1630557-1642259-1642267-1642273-1642848-,C. Kispert - A. Sarr - B. Carrington - K. George - T. Johnson,1610612764,WAS,2,0,2,0.0,4.0,64.3,63.6,55.1,50.0,9.2,13.6,1.0,0.5,15.4,0.0,1.0,0.636,0.364,0.417,0.509,117.4,124.04,103.37,11,0.565,27,63,225,63,61,175,54,80,1,92,111,134,1,46,250,142,138,79,83,13350
Lineups,-1630557-1641715-1642259-1642273-1642848-,C. Kispert - C. Whitmore - A. Sarr - K. George - T. Johnson,1610612764,WAS,1,0,1,0.0,4.0,177.8,160.0,131.6,130.0,46.2,30.0,0.5,3.0,23.1,0.0,0.833,0.625,0.1,1.0,1.0,111.9,118.52,98.77,10,0.606,73,63,36,63,69,30,184,62,108,17,54,134,77,47,150,11,15,94,75,12150
Lineups,-1630557-1641715-1642267-1642273-1642848-,C. Kispert - C. Whitmore - B. Carrington - K. George - T. Johnson,1610612764,WAS,1,0,1,0.0,4.0,54.5,60.0,100.0,100.0,-45.5,-40.0,1.0,0.75,18.8,0.6,0.833,0.727,0.4,0.375,0.375,117.7,112.06,93.39,10,0.393,73,63,36,63,65,177,96,178,1,86,94,25,77,28,253,149,168,122,138,12850
Lineups,-1630557-1641715-1641774-1642267-1642848-,C. Kispert - C. Whitmore - T. Vukcevic - B. Carrington - T. Johnson,1610612764,WAS,2,0,2,0.0,4.0,100.0,88.9,167.5,162.5,-67.5,-73.6,1.0,3.0,23.1,0.2,1.0,0.429,0.111,0.5,0.5,102.0,110.02,91.69,9,0.256,27,63,225,63,74,147,229,209,1,17,54,115,1,149,152,114,141,135,162,11125
Lineups,-203468-1630557-1642259-1642267-1642848-,C. McCollum - C. Kispert - A. Sarr - B. Carrington - T. Johnson,1610612764,WAS,2,0,2,0.0,4.0,145.5,145.5,125.6,100.0,19.9,45.5,0.667,2.0,25.0,0.25,0.667,0.5,0.182,0.8,0.8,105.7,117.68,98.07,11,0.579,27,63,225,63,59,46,96,49,80,29,36,96,107,81,187,40,40,97,80,13460
Lineups,-203468-1630557-1641774-1642848-1642860-,C. McCollum - C. Kispert - T. Vukcevic - T. Johnson - W. Riley,1610612764,WAS,2,1,1,0.5,4.0,114.9,109.1,81.0,72.7,34.0,36.4,0.4,2.0,15.4,0.0,1.0,0.444,0.091,0.667,0.636,128.9,139.56,116.3,11,0.619,27,2,36,36,72,100,72,54,143,29,111,134,1,142,146,63,89,43,72,11350
Lineups,-203468-1641715-1642259-1642267-1642848-,C. McCollum - C. Whitmore - A. Sarr - B. Carrington - T. Johnson,1610612764,WAS,3,0,3,0.0,4.0,106.6,110.0,126.0,118.2,-19.4,-8.2,0.0,0.0,0.0,0.25,0.571,0.455,0.1,0.5,0.59,114.3,116.31,96.92,10,0.417,14,63,264,63,64,99,158,144,166,111,166,96,143,138,150,114,110,104,132,13000
Lineups,-203468-1641715-1641731-1642259-1642267-,C. McCollum - C. Whitmore - B. Coulibaly - A. Sarr - B. Carrington,1610612764,WAS,1,0,1,0.0,4.0,43.6,37.5,121.5,133.3,-77.9,-95.8,0.0,0.0,0.0,0.25,0.4,0.333,0.25,0.2,0.255,110.2,111.78,93.15,8,-0.818,73,63,36,63,77,199,187,225,166,111,166,96,176,172,212,182,191,125,266,10950
Lineups,-203468-1630551-1641774-1642273-1642848-,C. McCollum - J. Champagnie - T. Vukcevic - K. George - T. Johnson,1610612764,WAS,1,1,0,1.0,4.0,122.0,125.0,25.4,25.0,96.6,100.0,0.333,0.0,11.1,0.0,1.0,0.667,0.0,0.667,0.61,103.4,102.9,85.75,8,1.909,73,2,1,1,73,67,46,17,149,111,145,134,1,32,1,63,101,185,11,11195
Lineups,-203468-1628963-1642267-1642273-1642848-,C. McCollum - M. Bagley III - B. Carrington - K. George - T. Johnson,1610612764,WAS,1,0,1,0.0,4.0,77.8,77.8,148.9,140.0,-71.2,-62.2,0.667,2.0,15.4,0.286,1.0,0.545,0.111,0.35,0.35,125.5,129.61,108.01,9,0.053,73,63,36,63,83,158,196,201,80,29,111,89,1,70,152,154,170,66,194,10555
Lineups,-203468-1628963-1630557-1642267-1642848-,C. McCollum - M. Bagley III - C. Kispert - B. Carrington - T. Johnson,1610612764,WAS,2,1,1,0.5,4.0,134.1,137.5,107.3,111.1,26.9,26.4,0.75,3.0,27.3,0.0,0.667,0.5,0.125,0.8,0.764,119.6,116.02,96.68,8,0.688,27,2,36,36,84,49,146,66,70,17,29,134,107,81,162,40,46,108,62,10550
Lineups,-203468-1628963-1630557-1642364-1642848-,C. McCollum - M. Bagley III - C. Kispert - J. Watkins - T. Johnson,1610612764,WAS,1,0,1,0.0,4.0,139.4,136.4,103.4,100.0,36.0,36.4,0.75,0.0,20.0,0.167,0.8,0.455,0.0,0.55,0.638,115.4,118.65,98.88,11,0.711,73,63,36,63,61,51,96,54,70,111,72,122,82,138,1,103,88,93,61,13350
Lineups,-203468-1628963-1630551-1641731-1642267-,C. McCollum - M. Bagley III - J. Champagnie - B. Coulibaly - B. Carrington,1610612764,WAS,3,1,2,0.333,4.0,137.0,133.3,170.7,175.0,-33.7,-41.7,0.25,0.0,7.7,0.5,0.5,0.5,0.0,0.45,0.51,102.2,102.43,85.36,9,0.295,14,2,225,49,70,52,238,180,160,111,157,29,150,81,1,137,135,192,158,11950
Lineups,-203468-1628963-1630551-1630557-1642364-,C. McCollum - M. Bagley III - J. Champagnie - C. Kispert - J. Watkins,1610612764,WAS,1,0,1,0.0,4.0,81.0,77.8,86.2,90.0,-5.2,-12.2,1.0,0.33,8.3,0.5,0.667,0.615,0.333,0.2,0.458,129.6,129.06,107.55,9,0.5,73,63,36,63,81,158,91,148,1,103,152,29,107,48,233,182,151,69,97,10600
Lineups,-203468-1628963-1631103-1642267-1642364-,C. McCollum - M. Bagley III - M. Branham - B. Carrington - J. Watkins,1610612764,WAS,1,0,1,0.0,4.0,88.8,87.5,133.3,133.3,-44.5,-45.8,1.0,1.0,20.0,0.0,0.75,0.429,0.25,0.5,0.595,95.3,96.0,80.0,8,0.298,73,63,36,63,66,150,187,184,1,57,72,134,90,149,212,114,107,225,157,12750
Lineups,-1630551-1641715-1642267-1642273-1642860-,J. Champagnie - C. Whitmore - B. Carrington - K. George - W. Riley,1610612764,WAS,1,0,1,0.0,4.0,72.7,71.4,159.9,137.5,-87.2,-66.1,0.5,1.0,10.0,0.333,1.0,0.429,0.143,0.286,0.317,91.4,99.63,83.03,7,0.0,73,63,36,63,80,164,195,202,108,57,149,69,1,149,167,171,179,211,196,10840
Lineups,-1630551-1641774-1642358-1642848-1642860-,J. Champagnie - T. Vukcevic - A. Johnson - T. Johnson - W. Riley,1610612764,WAS,1,0,1,0.0,4.0,118.5,142.9,153.1,128.6,-34.6,14.3,0.5,0.0,18.2,0.4,1.0,0.571,0.0,0.5,0.53,93.7,91.64,76.36,7,0.436,73,63,36,63,75,47,181,79,108,111,96,54,1,59,1,114,132,243,122,11000
Lineups,-203114-203468-1641731-1642259-1642267-,K. Middleton - C. McCollum - B. Coulibaly - A. Sarr - B. Carrington,1610612764,WAS,2,1,1,0.5,4.0,232.6,177.8,66.7,50.0,165.9,127.8,0.167,0.0,8.3,0.667,0.75,0.714,0.0,0.875,0.901,84.3,111.27,92.73,9,0.889,27,2,36,36,75,19,54,12,164,111,152,20,90,29,1,31,28,127,43,11000
Lineups,-203114-203468-1630557-1642259-1642267-,K. Middleton - C. McCollum - C. Kispert - A. Sarr - B. Carrington,1610612764,WAS,2,1,1,0.5,4.0,50.0,50.0,29.1,25.0,20.9,25.0,1.0,2.0,14.3,0.444,0.714,0.563,0.125,0.2,0.2,98.3,105.69,88.07,8,2.0,27,2,36,36,78,182,46,67,1,29,118,51,103,68,162,182,200,164,5,10900
Lineups,-203114-203468-1628963-1642267-1642848-,K. Middleton - C. McCollum - M. Bagley III - B. Carrington - T. Johnson,1610612764,WAS,3,1,2,0.333,4.0,99.1,90.0,91.1,90.0,8.0,0.0,0.5,0.5,8.3,0.333,0.75,0.571,0.2,0.5,0.557,130.0,137.14,114.29,10,0.75,14,2,225,49,85,145,91,88,108,92,152,69,90,59,194,114,120,50,55,10500
Lineups,-203114-203468-1628963-1641731-1642267-,K. Middleton - C. McCollum - M. Bagley III - B. Coulibaly - B. Carrington,1610612764,WAS,1,1,0,1.0,4.0,50.6,55.6,95.8,90.9,-45.2,-35.4,0.0,0.0,0.0,0.333,0.8,0.545,0.222,0.25,0.282,138.0,135.85,113.21,9,0.083,73,2,1,1,81,181,93,176,166,111,166,69,82,70,207,172,186,54,188,10600
Lineups,-203114-203468-1628963-1630557-1641715-,K. Middleton - C. McCollum - M. Bagley III - C. Kispert - C. Whitmore,1610612764,WAS,1,0,1,0.0,4.0,69.2,90.0,143.4,140.0,-74.2,-50.0,0.25,0.0,6.3,0.455,0.667,0.5,0.0,0.3,0.3,131.1,115.2,96.0,10,0.067,73,63,36,63,67,145,196,187,160,111,161,50,107,81,1,169,182,112,192,12500
Lineups,-203114-203468-1628963-1641715-1642848-,K. Middleton - C. McCollum - M. Bagley III - C. Whitmore - T. Johnson,1610612764,WAS,1,0,1,0.0,4.0,88.9,88.9,22.2,25.0,66.7,63.9,0.0,0.0,0.0,0.0,0.625,0.455,0.222,0.571,0.571,99.3,93.79,78.16,9,2.6,73,63,36,63,63,147,46,39,166,111,166,134,133,138,207,98,114,235,4,13050
Lineups,-1641774-1642358-1642364-1642848-1642860-,T. Vukcevic - A. Johnson - J. Watkins - T. Johnson - W. Riley,1610612764,WAS,1,0,1,0.0,4.0,117.6,133.3,135.1,133.3,-17.5,0.0,0.5,1.0,15.4,0.5,0.667,0.6,0.222,0.643,0.652,115.0,108.45,90.38,9,0.462,73,63,36,63,70,52,187,88,108,57,111,29,107,49,207,77,84,144,111,11950
Lineups,-1641731-1642259-1642267-1642273-1642860-,B. Coulibaly - A. Sarr - B. Carrington - K. George - W. Riley,1610612764,WAS,1,0,1,0.0,3.0,50.0,50.0,94.1,100.0,-44.1,-50.0,1.0,0.5,14.3,0.0,1.0,0.571,0.333,0.375,0.375,120.2,116.27,96.89,6,0.13,73,63,36,63,106,182,96,187,1,92,118,134,1,59,233,149,168,105,178,8050
Lineups,-1641731-1642259-1642267-1642848-1642860-,B. Coulibaly - A. Sarr - B. Carrington - T. Johnson - W. Riley,1610612764,WAS,1,0,1,0.0,3.0,68.0,66.7,100.0,100.0,-32.0,-33.3,1.0,1.0,22.2,0.333,1.0,0.714,0.333,0.5,0.41,104.8,105.76,88.14,6,0.417,73,63,36,63,99,167,96,169,1,57,58,69,1,29,233,114,162,162,132,8850
Lineups,-1630557-1641774-1642267-1642273-1642848-,C. Kispert - T. Vukcevic - B. Carrington - K. George - T. Johnson,1610612764,WAS,1,0,1,0.0,3.0,66.7,66.7,165.4,150.0,-98.8,-83.3,0.5,1.0,14.3,0.0,0.5,0.2,0.167,0.4,0.4,85.4,89.53,74.61,6,0.042,73,63,36,63,93,167,203,216,108,57,118,134,150,202,173,146,163,248,195,9650
Lineups,-203468-1630557-1641715-1642259-1642273-,C. McCollum - C. Kispert - C. Whitmore - A. Sarr - K. George,1610612764,WAS,1,0,1,0.0,3.0,102.0,100.0,150.0,150.0,-48.0,-50.0,0.5,0.0,12.5,0.25,1.0,0.4,0.0,0.333,0.436,109.7,110.77,92.31,6,0.324,73,63,36,63,108,105,203,187,108,111,138,96,1,160,1,157,154,131,155,7800
Lineups,-203468-1630551-1630557-1641731-1642259-,C. McCollum - J. Champagnie - C. Kispert - B. Coulibaly - A. Sarr,1610612764,WAS,1,0,1,0.0,3.0,120.0,120.0,147.1,116.7,-27.1,3.3,0.667,0.0,28.6,0.0,1.0,0.5,0.0,0.6,0.6,93.1,104.9,87.42,5,0.417,73,63,36,63,110,81,150,86,80,111,23,134,1,81,1,93,105,172,132,7550
Lineups,-203468-1630551-1641715-1641774-1642267-,C. McCollum - J. Champagnie - C. Whitmore - T. Vukcevic - B. Carrington,1610612764,WAS,2,2,0,1.0,3.0,200.0,200.0,100.0,100.0,100.0,100.0,0.8,4.0,40.0,0.0,0.667,0.667,0.167,1.2,1.2,97.1,97.12,80.93,6,0.805,27,1,1,1,104,10,96,17,66,6,8,134,107,32,173,8,8,221,49,8155
Lineups,-203468-1628963-1642267-1642273-1642364-,C. McCollum - M. Bagley III - B. Carrington - K. George - J. Watkins,1610612764,WAS,1,0,1,0.0,3.0,51.5,50.0,200.0,200.0,-148.5,-150.0,1.0,0.0,12.5,0.5,1.0,0.571,0.0,0.167,0.145,71.8,72.91,60.76,4,-0.158,73,63,36,63,107,182,245,249,1,111,138,29,1,59,1,189,204,277,239,7900
Lineups,-203468-1628963-1630557-1641715-1642848-,C. McCollum - M. Bagley III - C. Kispert - C. Whitmore - T. Johnson,1610612764,WAS,3,1,2,0.333,3.0,100.0,100.0,160.0,114.3,-60.0,-14.3,0.0,0.0,0.0,0.5,1.0,0.667,0.167,0.429,0.429,96.2,113.73,94.78,6,0.286,14,2,225,49,102,105,148,151,166,111,166,29,1,32,173,139,158,117,159,8230
Lineups,-1641715-1641774-1642267-1642273-1642848-,C. Whitmore - T. Vukcevic - B. Carrington - K. George - T. Johnson,1610612764,WAS,1,0,1,0.0,3.0,166.7,166.7,111.1,114.3,55.6,52.4,0.75,3.0,33.3,0.0,0.5,0.429,0.167,1.0,1.0,103.8,102.24,85.2,6,0.759,73,63,36,63,96,22,148,45,70,17,10,134,150,149,173,11,15,193,54,9155
Lineups,-1630551-1630557-1641715-1642259-1642267-,J. Champagnie - C. Kispert - C. Whitmore - A. Sarr - B. Carrington,1610612764,WAS,1,0,1,0.0,3.0,119.0,100.0,166.7,166.7,-47.6,-66.7,1.0,3.0,27.3,0.333,0.0,0.2,0.143,0.7,0.595,95.0,104.0,86.67,7,0.419,73,63,36,63,98,105,230,203,1,17,29,69,192,202,167,60,107,180,130,9000
Lineups,-1630551-1630557-1641715-1641774-1642267-,J. Champagnie - C. Kispert - C. Whitmore - T. Vukcevic - B. Carrington,1610612764,WAS,2,1,1,0.5,3.0,62.5,50.0,150.0,150.0,-87.5,-100.0,1.0,0.67,14.3,0.4,1.0,0.571,0.3,0.417,0.417,111.8,125.83,104.85,10,0.111,27,2,36,36,86,182,203,226,1,87,118,54,1,59,231,142,161,72,180,10300
Lineups,-1630551-1631103-1641774-1642848-1642860-,J. Champagnie - M. Branham - T. Vukcevic - T. Johnson - W. Riley,1610612764,WAS,1,0,1,0.0,3.0,119.0,100.0,133.3,133.3,-14.3,-33.3,0.5,0.0,11.1,0.25,0.667,0.429,0.0,0.417,0.509,85.1,93.13,77.61,7,0.448,73,63,36,63,90,105,187,169,108,111,145,96,107,149,1,142,138,236,118,10050
Lineups,-1630551-1641774-1642267-1642358-1642848-,J. Champagnie - T. Vukcevic - B. Carrington - A. Johnson - T. Johnson,1610612764,WAS,1,0,1,0.0,3.0,102.0,100.0,100.0,100.0,2.0,0.0,0.0,0.0,0.0,0.0,0.6,0.5,0.333,0.667,0.773,104.3,105.37,87.8,6,0.571,73,63,36,63,103,105,96,88,166,111,166,134,135,81,233,63,41,169,81,8200
Lineups,-203114-1630557-1642259-1642267-1642364-,K. Middleton - C. Kispert - A. Sarr - B. Carrington - J. Watkins,1610612764,WAS,1,0,1,0.0,3.0,180.0,180.0,100.0,83.3,80.0,96.7,1.0,4.0,44.4,0.0,0.75,0.75,0.2,1.125,1.125,96.0,105.6,88.0,5,0.853,73,63,36,63,111,17,83,23,1,6,5,134,90,23,194,10,10,167,47,7500
Lineups,-203114-1630557-1642259-1642267-1642273-,K. Middleton - C. Kispert - A. Sarr - B. Carrington - K. George,1610612764,WAS,1,0,1,0.0,3.0,200.0,200.0,108.2,128.6,91.8,71.4,1.0,4.0,44.4,0.0,0.333,0.333,0.2,1.25,1.25,94.0,84.71,70.59,5,0.632,73,63,36,63,87,10,181,32,1,6,5,134,179,172,194,6,6,260,69,10200
Lineups,-203114-203468-1641731-1642259-1642860-,K. Middleton - C. McCollum - B. Coulibaly - A. Sarr - W. Riley,1610612764,WAS,1,0,1,0.0,3.0,114.2,112.5,128.6,128.6,-14.4,-16.1,0.0,0.0,0.0,0.0,0.6,0.429,0.125,0.667,0.654,108.8,109.64,91.37,8,0.615,73,63,36,63,92,97,181,152,166,111,166,134,135,149,162,63,82,138,73,9850
Lineups,-203114-203468-1641715-1641731-1641774-,K. Middleton - C. McCollum - C. Whitmore - B. Coulibaly - T. Vukcevic,1610612764,WAS,1,1,0,1.0,3.0,120.0,120.0,82.0,80.0,38.0,40.0,0.333,0.0,12.5,0.5,1.0,0.714,0.0,0.429,0.429,69.7,70.59,58.82,5,1.0,73,2,1,1,87,81,79,53,149,111,138,29,1,29,1,139,158,278,23,10200
Lineups,-203114-203468-1630551-1642273-1642848-,K. Middleton - C. McCollum - J. Champagnie - K. George - T. Johnson,1610612764,WAS,1,0,1,0.0,3.0,139.8,150.0,100.0,83.3,39.8,66.7,1.0,3.0,33.3,0.0,0.667,0.4,0.167,0.8,0.827,91.0,95.47,79.56,6,0.686,73,63,36,63,97,36,83,33,1,17,10,134,107,160,173,40,36,226,63,9050
Lineups,-203114-1630551-1642259-1642267-1642848-,K. Middleton - J. Champagnie - A. Sarr - B. Carrington - T. Johnson,1610612764,WAS,1,0,1,0.0,3.0,170.1,166.7,102.0,100.0,68.0,66.7,0.667,2.0,20.0,0.667,1.0,0.8,0.167,0.667,0.727,97.3,99.31,82.76,6,0.625,73,63,36,63,100,22,96,33,80,29,72,20,1,20,173,63,58,213,70,8700
Lineups,-203114-1628963-1630557-1641715-1642267-,K. Middleton - M. Bagley III - C. Kispert - C. Whitmore - B. Carrington,1610612764,WAS,1,0,1,0.0,3.0,33.3,33.3,121.5,116.7,-88.2,-83.3,0.0,0.0,0.0,0.0,0.667,0.333,0.333,0.25,0.25,103.9,106.01,88.34,6,-1.0,73,63,36,63,105,200,150,216,166,111,166,134,107,172,233,172,193,157,267,8150
Lineups,-203114-1641774-1642259-1642273-1642848-,K. Middleton - T. Vukcevic - A. Sarr - K. George - T. Johnson,1610612764,WAS,1,0,1,0.0,3.0,60.0,50.0,155.3,166.7,-95.3,-116.7,1.0,0.0,14.3,0.0,0.5,0.167,0.0,0.3,0.3,96.9,101.65,84.71,6,0.08,73,63,36,63,101,182,230,242,1,111,118,134,150,209,1,169,182,196,189,8500
Lineups,-1628963-1630264-1631103-1642267-1642860-,M. Bagley III - A. Gill - M. Branham - B. Carrington - W. Riley,1610612764,WAS,1,0,1,0.0,3.0,88.8,77.8,51.5,50.0,37.3,27.8,0.333,0.0,9.1,0.167,0.833,0.5,0.0,0.375,0.394,119.2,129.52,107.94,9,1.077,73,63,36,63,94,158,54,64,149,111,150,122,77,81,1,149,165,67,22,9450
Lineups,-1628963-1630557-1631103-1641715-1642267-,M. Bagley III - C. Kispert - M. Branham - C. Whitmore - B. Carrington,1610612764,WAS,1,0,1,0.0,3.0,145.3,125.0,100.0,100.0,45.3,25.0,0.5,1.0,16.7,0.667,0.8,0.75,0.25,0.75,0.727,98.5,106.4,88.67,8,0.639,73,63,36,63,89,67,96,67,108,57,100,20,82,23,212,43,58,154,68,10150
Lineups,-1631103-1641774-1642267-1642358-1642860-,M. Branham - T. Vukcevic - B. Carrington - A. Johnson - W. Riley,1610612764,WAS,2,0,2,0.0,3.0,40.0,33.3,105.0,100.0,-65.0,-66.7,0.0,0.0,0.0,0.4,0.667,0.5,0.167,0.167,0.167,74.4,83.81,69.84,6,-6.0,27,63,225,63,94,200,96,203,166,111,166,54,107,81,173,189,203,262,281,9450
Lineups,-1630536-1631103-1641774-1642358-1642860-,S. Cooper - M. Branham - T. Vukcevic - A. Johnson - W. Riley,1610612764,WAS,1,0,1,0.0,3.0,40.0,33.3,100.0,83.3,-60.0,-50.0,1.0,1.0,14.3,0.0,1.0,0.5,0.167,0.25,0.25,72.7,87.27,72.73,6,0.077,73,63,36,63,91,200,83,187,1,57,118,134,1,81,173,172,193,252,190,9900
Lineups,-1630536-1631103-1641774-1642364-1642860-,S. Cooper - M. Branham - T. Vukcevic - J. Watkins - W. Riley,1610612764,WAS,1,1,0,1.0,3.0,0.0,0.0,128.9,100.0,-128.9,-100.0,0.0,0.0,0.0,0.25,0.0,0.2,0.4,0.0,0.0,93.0,94.12,78.43,5,-2.4,73,2,1,1,109,206,96,226,166,111,166,96,192,202,253,193,206,232,279,7650
Lineups,-1630264-1631103-1642358-1642364-1642860-,A. Gill - M. Branham - A. Johnson - J. Watkins - W. Riley,1610612764,WAS,1,0,1,0.0,2.0,0.0,0.0,0.0,0.0,0.0,0.0,0.0,0.0,0.0,0.333,1.0,0.5,0.0,0.0,0.0,80.0,80.0,66.67,3,1.2,73,63,36,63,171,206,1,88,166,111,166,69,1,81,1,193,206,271,21,4500
Lineups,-1630264-1631103-1641774-1642267-1642860-,A. Gill - M. Branham - T. Vukcevic - B. Carrington - W. Riley,1610612764,WAS,1,0,1,0.0,2.0,200.0,133.3,0.0,0.0,200.0,133.3,1.0,0.0,33.3,0.0,1.0,0.667,0.0,1.0,1.0,100.5,122.79,102.33,6,1.261,73,63,36,63,132,52,1,10,1,111,10,134,1,32,1,11,15,85,19,6450
Lineups,-1630264-1630536-1642358-1642848-1642860-,A. Gill - S. Cooper - A. Johnson - T. Johnson - W. Riley,1610612764,WAS,1,0,1,0.0,2.0,51.5,50.0,174.4,150.0,-122.9,-100.0,0.0,0.0,0.0,0.0,1.0,0.333,0.25,0.0,0.347,89.3,97.63,81.36,4,-0.143,73,63,36,63,138,182,203,226,166,111,166,134,1,172,212,193,171,219,235,5900
Lineups,-1630264-1630536-1641774-1642358-1642860-,A. Gill - S. Cooper - T. Vukcevic - A. Johnson - W. Riley,1610612764,WAS,1,0,1,0.0,2.0,133.3,133.3,51.5,66.7,81.8,66.7,0.5,1.0,25.0,0.0,0.333,0.333,0.333,1.0,1.0,97.1,84.71,70.59,3,1.0,73,63,36,63,157,52,66,33,108,57,36,134,179,172,233,11,15,261,23,5100
Lineups,-1630264-1641774-1642358-1642364-1642860-,A. Gill - T. Vukcevic - A. Johnson - J. Watkins - W. Riley,1610612764,WAS,1,0,1,0.0,2.0,50.0,60.0,126.6,133.3,-76.6,-73.3,1.0,0.33,14.3,0.5,0.5,0.5,0.6,0.5,0.5,157.0,140.18,116.81,5,-0.235,73,63,36,63,140,177,187,208,1,103,118,29,150,81,272,114,141,42,246,5650
Lineups,-1641731-1641774-1642267-1642273-1642860-,B. Coulibaly - T. Vukcevic - B. Carrington - K. George - W. Riley,1610612764,WAS,1,0,1,0.0,2.0,75.2,80.0,250.0,200.0,-174.8,-120.0,1.0,0.5,11.1,0.75,0.0,0.6,0.4,0.2,0.316,90.7,97.3,81.08,5,-0.136,73,63,36,63,113,156,245,244,1,92,145,18,192,49,253,182,180,220,234,7400
Lineups,-1630557-1641715-1641731-1641774-1642267-,C. Kispert - C. Whitmore - B. Coulibaly - T. Vukcevic - B. Carrington,1610612764,WAS,1,1,0,1.0,2.0,163.9,160.0,77.6,83.3,86.3,76.7,1.0,2.0,28.6,0.0,1.0,0.667,0.2,1.0,1.031,161.4,156.83,130.69,5,0.909,73,2,1,1,158,30,83,26,1,29,23,134,1,32,194,11,14,34,41,5050
Lineups,-1630557-1631103-1641715-1642259-1642267-,C. Kispert - M. Branham - C. Whitmore - A. Sarr - B. Carrington,1610612764,WAS,1,0,1,0.0,2.0,133.3,100.0,100.0,100.0,33.3,0.0,0.5,0.0,20.0,0.0,1.0,0.5,0.0,0.667,0.667,96.9,110.77,92.31,4,0.556,73,63,36,63,154,105,96,88,108,111,72,134,1,81,1,63,78,129,85,5200
Lineups,-203468-1630557-1642259-1642267-1642273-,C. McCollum - C. Kispert - A. Sarr - B. Carrington - K. George,1610612764,WAS,1,0,1,0.0,2.0,0.0,0.0,104.2,75.0,-104.2,-75.0,0.0,0.0,0.0,0.333,1.0,0.5,0.5,0.0,0.0,105.6,122.81,102.35,4,3.0,73,63,36,63,169,206,74,210,166,111,166,69,1,81,259,193,206,84,2,4690
Lineups,-203468-1641715-1642259-1642267-1642273-,C. McCollum - C. Whitmore - A. Sarr - B. Carrington - K. George,1610612764,WAS,2,0,2,0.0,2.0,34.0,33.3,120.0,100.0,-86.0,-66.7,0.0,0.0,0.0,0.167,0.667,0.333,0.0,0.0,0.145,105.1,115.97,96.64,6,-0.2,27,63,225,63,112,200,96,203,166,111,166,122,107,172,1,193,204,109,241,7450
Lineups,-203468-1641715-1641731-1641774-1642267-,C. McCollum - C. Whitmore - B. Coulibaly - T. Vukcevic - B. Carrington,1610612764,WAS,1,0,1,0.0,2.0,50.0,50.0,202.2,220.0,-152.2,-170.0,0.0,0.0,0.0,0.5,0.0,0.333,0.5,0.333,0.333,128.2,122.26,101.89,4,-0.304,73,63,36,63,150,182,264,258,166,111,166,29,192,172,259,157,174,87,253,5300
Lineups,-203468-1641715-1641774-1642267-1642860-,C. McCollum - C. Whitmore - T. Vukcevic - B. Carrington - W. Riley,1610612764,WAS,1,0,1,0.0,2.0,50.0,50.0,125.0,125.0,-75.0,-75.0,0.0,0.0,0.0,0.333,1.0,0.5,0.25,0.25,0.25,118.8,118.76,98.97,4,0.167,73,63,36,63,165,182,168,210,166,111,166,69,1,81,212,172,193,92,174,4850
Lineups,-203468-1630551-1642259-1642267-1642848-,C. McCollum - J. Champagnie - A. Sarr - B. Carrington - T. Johnson,1610612764,WAS,1,0,1,0.0,2.0,100.0,100.0,204.9,200.0,-104.9,-100.0,0.5,0.5,14.3,0.5,0.5,0.5,0.4,0.625,0.625,101.6,102.86,85.71,5,0.194,73,63,36,63,121,105,245,226,108,92,118,29,150,81,253,82,90,187,173,7000
Lineups,-203468-1630551-1641731-1641774-1642267-,C. McCollum - J. Champagnie - B. Coulibaly - T. Vukcevic - B. Carrington,1610612764,WAS,2,1,1,0.5,2.0,0.0,0.0,150.0,120.0,-150.0,-120.0,0.0,0.0,0.0,0.0,0.333,0.333,0.75,0.0,0.0,107.2,137.87,114.89,4,-0.267,27,2,36,36,168,206,159,244,166,111,166,134,179,172,275,193,206,48,251,4700
Lineups,-203468-1630551-1630557-1642259-1642860-,C. McCollum - J. Champagnie - C. Kispert - A. Sarr - W. Riley,1610612764,WAS,1,0,1,0.0,2.0,100.0,100.0,75.0,100.0,25.0,0.0,1.0,1.0,25.0,0.0,0.2,0.167,0.333,0.75,0.75,100.8,86.4,72.0,3,0.667,73,63,36,63,160,105,96,88,1,57,36,134,190,209,233,43,48,255,64,5000
Lineups,-203468-1630551-1630557-1641731-1641774-,C. McCollum - J. Champagnie - C. Kispert - B. Coulibaly - T. Vukcevic,1610612764,WAS,1,0,1,0.0,2.0,66.7,50.0,50.0,50.0,16.7,0.0,1.0,0.0,16.7,0.333,0.6,0.5,0.0,0.25,0.25,105.0,120.0,100.0,4,0.875,73,63,36,63,166,182,54,88,1,111,100,69,135,81,1,172,193,90,44,4800
Lineups,-203468-1630551-1631103-1642259-1642267-,C. McCollum - J. Champagnie - M. Branham - A. Sarr - B. Carrington,1610612764,WAS,1,1,0,1.0,2.0,77.3,75.0,233.3,233.3,-156.0,-158.3,1.0,0.0,16.7,0.5,0.0,0.5,0.0,0.333,0.387,93.5,95.09,79.25,4,0.087,73,2,1,1,150,161,265,255,1,111,100,29,192,81,1,157,166,228,187,5300
Lineups,-203468-1630551-1641774-1642273-1642860-,C. McCollum - J. Champagnie - T. Vukcevic - K. George - W. Riley,1610612764,WAS,2,0,2,0.0,2.0,90.1,100.0,140.0,140.0,-49.9,-40.0,1.0,0.5,20.0,0.0,1.0,0.667,0.5,0.75,0.82,105.4,100.47,83.72,4,0.286,27,63,225,63,132,105,196,178,1,92,72,134,1,32,259,43,38,206,159,6450
Lineups,-203468-1630551-1641774-1642848-1642860-,C. McCollum - J. Champagnie - T. Vukcevic - T. Johnson - W. Riley,1610612764,WAS,1,1,0,1.0,2.0,225.0,225.0,125.0,100.0,100.0,125.0,0.25,0.0,14.3,1.0,0.667,0.8,0.0,0.75,0.75,84.7,95.29,79.41,4,0.815,73,2,1,1,126,8,96,13,160,111,118,1,107,20,1,43,48,227,48,6800
Lineups,-203468-1628963-1630557-1642273-1642848-,C. McCollum - M. Bagley III - C. Kispert - K. George - T. Johnson,1610612764,WAS,1,0,1,0.0,2.0,91.9,100.0,102.5,100.0,-10.5,0.0,0.5,1.0,16.7,0.0,0.5,0.2,0.2,0.625,0.563,120.8,117.07,97.56,5,0.077,73,63,36,63,134,105,96,88,108,57,100,134,150,202,194,82,118,100,190,6150
Lineups,-203468-1628963-1641715-1642267-1642848-,C. McCollum - M. Bagley III - C. Whitmore - B. Carrington - T. Johnson,1610612764,WAS,2,0,2,0.0,2.0,91.9,100.0,128.9,125.0,-37.0,-25.0,0.5,0.33,14.3,1.0,1.0,1.0,0.6,0.667,0.727,132.9,128.32,106.93,5,0.313,27,63,225,63,158,105,168,161,108,103,118,1,1,1,272,63,58,70,156,5050
Lineups,-203468-1628963-1630551-1642267-1642860-,C. McCollum - M. Bagley III - J. Champagnie - B. Carrington - W. Riley,1610612764,WAS,1,1,0,1.0,2.0,100.0,100.0,66.7,50.0,33.3,50.0,0.5,0.0,16.7,0.333,1.0,0.6,0.0,0.4,0.4,100.8,115.2,96.0,4,0.6,73,2,1,1,160,105,54,46,108,111,100,69,1,49,1,146,163,113,78,5000
Lineups,-203468-1628963-1630551-1641731-1642860-,C. McCollum - M. Bagley III - J. Champagnie - B. Coulibaly - W. Riley,1610612764,WAS,1,0,1,0.0,2.0,125.0,125.0,154.6,150.0,-29.6,-25.0,1.0,0.0,33.3,0.0,0.5,0.25,0.0,0.625,0.625,102.2,103.78,86.49,4,0.435,73,63,36,63,144,67,203,161,1,111,10,134,150,192,1,82,90,182,124,5550
Lineups,-203468-1628963-1630551-1630557-1641731-,C. McCollum - M. Bagley III - J. Champagnie - C. Kispert - B. Coulibaly,1610612764,WAS,1,0,1,0.0,2.0,153.1,180.0,221.2,200.0,-68.2,-20.0,0.667,0.0,28.6,0.0,0.0,0.0,0.0,0.7,0.765,122.8,118.03,98.36,5,0.333,73,63,36,63,136,17,245,159,80,111,23,134,192,212,1,60,45,95,150,6100
Lineups,-203468-1628963-1630551-1641715-1642273-,C. McCollum - M. Bagley III - J. Champagnie - C. Whitmore - K. George,1610612764,WAS,1,0,1,0.0,2.0,110.3,120.0,50.0,40.0,60.3,80.0,1.0,0.0,28.6,0.0,1.0,0.4,0.0,0.5,0.551,113.6,120.3,100.25,5,0.75,73,63,36,63,137,81,52,25,1,111,23,134,1,160,1,114,121,89,55,5985
Lineups,-203468-1628963-1642364-1642848-1642860-,C. McCollum - M. Bagley III - J. Watkins - T. Johnson - W. Riley,1610612764,WAS,2,0,2,0.0,2.0,133.0,100.0,145.3,125.0,-12.4,-25.0,0.0,0.0,0.0,0.5,0.333,0.4,0.0,0.333,0.525,71.5,89.38,74.48,5,1.0,27,63,225,63,117,105,168,161,166,111,166,29,179,160,1,157,133,249,23,7250
Lineups,-203468-1641774-1642273-1642364-1642848-,C. McCollum - T. Vukcevic - K. George - J. Watkins - T. Johnson,1610612764,WAS,1,1,0,1.0,2.0,66.7,50.0,103.1,100.0,-36.4,-50.0,1.0,0.0,20.0,0.0,1.0,0.25,0.0,0.333,0.333,96.2,111.84,93.2,4,0.133,73,2,1,1,155,182,96,187,1,111,72,134,1,192,1,157,174,123,177,5150
Lineups,-203468-1641774-1642273-1642364-1642860-,C. McCollum - T. Vukcevic - K. George - J. Watkins - W. Riley,1610612764,WAS,1,0,1,0.0,2.0,125.0,125.0,66.7,50.0,58.3,75.0,0.5,1.0,20.0,0.0,1.0,0.667,0.25,0.833,0.833,90.0,102.86,85.71,4,0.625,73,63,36,63,141,67,54,27,108,57,72,134,1,32,212,32,32,189,70,5600
Lineups,-1630551-1641731-1642267-1642273-1642848-,J. Champagnie - B. Coulibaly - B. Carrington - K. George - T. Johnson,1610612764,WAS,1,0,1,0.0,2.0,166.7,166.7,181.2,166.7,-14.5,0.0,0.5,0.0,25.0,0.0,0.0,0.0,0.0,0.833,0.833,79.0,82.29,68.57,3,0.4,73,63,36,63,152,22,230,88,108,111,36,134,192,212,1,32,32,267,135,5250
Lineups,-1630551-1630557-1641731-1642259-1642267-,J. Champagnie - C. Kispert - B. Coulibaly - A. Sarr - B. Carrington,1610612764,WAS,1,0,1,0.0,2.0,232.0,225.0,150.4,160.0,81.6,65.0,1.0,0.0,42.9,0.0,0.0,0.0,0.0,1.167,1.16,94.6,92.57,77.14,4,0.588,73,63,36,63,121,8,225,38,1,111,7,134,192,212,1,9,9,240,79,7000
Lineups,-1630551-1641774-1642267-1642273-1642848-,J. Champagnie - T. Vukcevic - B. Carrington - K. George - T. Johnson,1610612764,WAS,2,1,1,0.5,2.0,166.7,166.7,173.6,166.7,-6.9,0.0,0.5,1.0,25.0,0.0,0.5,0.5,0.333,1.25,1.25,77.0,78.55,65.45,3,0.615,27,2,36,36,146,22,230,88,108,57,36,134,150,81,233,6,6,274,73,5500
Lineups,-1630551-1641774-1642267-1642273-1642860-,J. Champagnie - T. Vukcevic - B. Carrington - K. George - W. Riley,1610612764,WAS,1,0,1,0.0,2.0,40.0,40.0,240.0,240.0,-200.0,-200.0,0.0,0.0,0.0,1.0,0.0,0.5,0.8,0.5,0.5,133.3,133.33,111.11,5,-0.269,73,63,36,63,149,195,269,259,166,111,166,1,192,81,277,114,141,60,252,5400
Lineups,-203114-1642259-1642267-1642273-1642848-,K. Middleton - A. Sarr - B. Carrington - K. George - T. Johnson,1610612764,WAS,2,0,2,0.0,2.0,0.0,0.0,247.7,275.0,-247.7,-275.0,0.0,0.0,0.0,0.333,0.0,0.333,0.25,0.0,0.0,109.3,117.55,97.96,4,-0.36,27,63,225,63,164,206,275,275,166,111,166,69,192,172,212,193,206,98,256,4900
Lineups,-203114-1630557-1642259-1642267-1642848-,K. Middleton - C. Kispert - A. Sarr - B. Carrington - T. Johnson,1610612764,WAS,2,0,2,0.0,2.0,120.0,120.0,100.0,100.0,20.0,20.0,1.0,0.0,30.0,0.667,0.667,0.667,0.0,0.5,0.5,103.6,103.6,86.33,5,0.857,27,63,225,63,124,81,96,72,1,111,22,20,107,32,1,114,141,183,46,6950
Lineups,-203114-1630557-1641731-1642259-1642267-,K. Middleton - C. Kispert - B. Coulibaly - A. Sarr - B. Carrington,1610612764,WAS,1,1,0,1.0,2.0,128.9,125.0,112.8,120.0,16.1,5.0,0.5,0.0,20.0,0.0,1.0,0.5,0.0,0.667,0.644,118.3,115.71,96.43,4,0.5,73,2,1,1,141,67,159,85,108,111,72,134,1,81,1,63,87,110,97,5600
Lineups,-203114-203468-1642259-1642267-1642860-,K. Middleton - C. McCollum - A. Sarr - B. Carrington - W. Riley,1610612764,WAS,1,0,1,0.0,2.0,46.6,60.0,0.0,0.0,46.6,60.0,1.0,0.0,14.3,0.2,0.75,0.444,0.0,0.167,0.233,116.8,102.13,85.11,5,1.5,73,63,36,63,120,177,1,40,1,111,118,115,90,142,1,189,198,194,15,7050
Lineups,-203114-203468-1641731-1642259-1642848-,K. Middleton - C. McCollum - B. Coulibaly - A. Sarr - T. Johnson,1610612764,WAS,1,0,1,0.0,2.0,100.0,100.0,203.5,233.3,-103.5,-133.3,0.667,0.67,22.2,1.0,1.0,1.0,0.5,0.75,0.75,126.7,118.03,98.36,6,0.143,73,63,36,63,114,105,265,248,80,87,58,1,1,1,259,43,48,96,176,7320
Lineups,-203114-203468-1630557-1642273-1642848-,K. Middleton - C. McCollum - C. Kispert - K. George - T. Johnson,1610612764,WAS,1,0,1,0.0,2.0,83.3,71.4,153.1,150.0,-69.7,-78.6,1.0,1.0,22.2,0.0,0.0,0.0,0.286,0.625,0.625,126.7,138.67,115.56,7,0.214,73,63,36,63,128,164,203,214,1,57,58,134,192,212,228,82,90,46,169,6750
Lineups,-203114-203468-1641715-1641774-1642267-,K. Middleton - C. McCollum - C. Whitmore - T. Vukcevic - B. Carrington,1610612764,WAS,1,1,0,1.0,2.0,150.0,150.0,166.7,125.0,-16.7,25.0,0.333,0.0,20.0,0.0,0.0,0.0,0.0,0.75,0.75,96.0,109.71,91.43,4,0.5,73,2,1,1,152,36,168,67,149,111,72,134,192,212,1,43,48,137,97,5250
Lineups,-203114-203468-1641715-1641774-1642273-,K. Middleton - C. McCollum - C. Whitmore - T. Vukcevic - K. George,1610612764,WAS,1,0,1,0.0,2.0,154.6,150.0,233.3,233.3,-78.7,-83.3,0.5,0.0,20.0,0.0,0.0,0.0,0.0,0.667,0.773,91.5,93.07,77.56,4,0.462,73,63,36,63,148,36,265,216,108,111,72,134,192,212,1,63,41,237,111,5415
Lineups,-203114-203468-1630551-1642259-1642848-,K. Middleton - C. McCollum - J. Champagnie - A. Sarr - T. Johnson,1610612764,WAS,2,0,2,0.0,2.0,66.7,66.7,168.1,160.0,-101.4,-93.3,0.0,0.0,0.0,0.0,0.0,0.0,0.5,0.667,0.667,106.1,108.49,90.41,6,-0.1,27,63,225,63,115,167,225,222,166,111,166,134,192,212,259,63,78,142,231,7300
Lineups,-203114-203468-1628963-1630557-1642267-,K. Middleton - C. McCollum - M. Bagley III - C. Kispert - B. Carrington,1610612764,WAS,1,1,0,1.0,2.0,103.6,116.7,150.9,116.7,-47.3,0.0,0.5,1.0,14.3,0.0,1.0,0.333,0.167,0.5,0.608,147.9,155.68,129.73,6,0.222,73,2,1,1,144,90,150,88,108,57,118,134,1,172,173,114,103,35,168,5550
Lineups,-203114-203468-1628963-1630557-1641731-,K. Middleton - C. McCollum - M. Bagley III - C. Kispert - B. Coulibaly,1610612764,WAS,1,0,1,0.0,2.0,160.0,160.0,100.0,100.0,60.0,60.0,0.333,1.0,16.7,0.0,1.0,0.75,0.2,1.0,1.0,107.5,107.46,89.55,5,0.724,73,63,36,63,129,30,96,40,149,57,100,134,1,23,194,11,15,147,58,6700
Lineups,-203114-203468-1628963-1641715-1642267-,K. Middleton - C. McCollum - M. Bagley III - C. Whitmore - B. Carrington,1610612764,WAS,1,0,1,0.0,2.0,77.3,75.0,100.0,100.0,-22.7,-25.0,0.0,0.0,0.0,0.333,1.0,0.6,0.0,0.25,0.307,113.5,115.2,96.0,4,0.231,73,63,36,63,160,161,96,161,166,111,166,69,1,49,1,172,181,113,165,5000
Lineups,-203114-203468-1628963-1630551-1642273-,K. Middleton - C. McCollum - M. Bagley III - J. Champagnie - K. George,1610612764,WAS,1,0,1,0.0,2.0,77.3,60.0,150.0,150.0,-72.7,-90.0,0.0,0.0,0.0,0.4,0.667,0.5,0.0,0.2,0.255,81.1,92.57,77.14,5,0.105,73,63,36,63,121,177,203,219,166,111,166,54,107,81,1,182,191,240,182,7000
Lineups,-203114-203468-1631103-1641731-1642259-,K. Middleton - C. McCollum - M. Branham - B. Coulibaly - A. Sarr,1610612764,WAS,1,1,0,1.0,2.0,115.7,100.0,184.4,180.0,-68.7,-80.0,1.0,1.0,16.7,0.0,0.5,0.25,0.2,0.75,0.753,101.1,109.92,91.6,5,0.095,73,2,1,1,130,105,242,215,1,57,100,134,150,192,194,43,47,136,184,6550
Lineups,-203114-1641715-1642259-1642273-1642848-,K. Middleton - C. Whitmore - A. Sarr - K. George - T. Johnson,1610612764,WAS,1,0,1,0.0,2.0,145.3,166.7,104.2,100.0,41.2,66.7,0.5,0.0,25.0,0.0,1.0,0.5,0.0,0.833,0.727,81.3,77.14,64.29,3,0.75,73,63,36,63,141,22,96,33,108,111,36,134,1,81,1,32,58,276,55,5600
Lineups,-203114-1628963-1641774-1642267-1642848-,K. Middleton - M. Bagley III - T. Vukcevic - B. Carrington - T. Johnson,1610612764,WAS,1,0,1,0.0,2.0,0.0,0.0,66.7,57.1,-66.7,-57.1,0.0,0.0,0.0,0.0,0.75,0.429,0.5,0.0,0.0,120.8,130.91,109.09,6,-0.6,73,63,36,63,119,206,64,199,166,111,166,134,90,149,259,193,206,63,263,7150
Lineups,-1628963-1630264-1631103-1642273-1642860-,M. Bagley III - A. Gill - M. Branham - K. George - W. Riley,1610612764,WAS,1,0,1,0.0,2.0,180.4,175.0,41.0,50.0,139.4,125.0,0.333,0.0,20.0,0.0,0.667,0.667,0.0,1.0,0.902,107.8,98.46,82.05,4,1.462,73,63,36,63,139,20,54,13,149,111,72,134,107,32,1,11,27,215,16,5850
Lineups,-1628963-1642267-1642364-1642848-1642860-,M. Bagley III - B. Carrington - J. Watkins - T. Johnson - W. Riley,1610612764,WAS,1,1,0,1.0,2.0,181.2,166.7,51.5,50.0,129.6,116.7,0.0,0.0,0.0,0.0,0.667,0.5,0.0,1.0,0.906,93.3,98.34,81.95,3,2.0,73,2,1,1,156,22,54,15,166,111,166,134,107,81,1,11,26,216,5,5125
Lineups,-1628963-1630557-1642267-1642273-1642848-,M. Bagley III - C. Kispert - B. Carrington - K. George - T. Johnson,1610612764,WAS,2,0,2,0.0,2.0,68.0,66.7,75.2,80.0,-7.2,-13.3,1.0,1.0,12.5,0.25,1.0,0.571,0.167,0.2,0.34,110.5,108.49,90.41,6,0.333,27,63,225,63,115,167,79,149,1,57,138,96,1,59,173,182,172,142,150,7300
Lineups,-1628963-1641715-1642267-1642273-1642848-,M. Bagley III - C. Whitmore - B. Carrington - K. George - T. Johnson,1610612764,WAS,2,0,2,0.0,2.0,116.7,116.7,140.0,116.7,-23.3,0.0,0.333,0.0,14.3,0.0,0.5,0.2,0.0,0.583,0.583,121.0,132.01,110.01,6,0.419,27,63,225,63,131,90,150,88,149,111,118,134,150,202,1,96,112,62,130,6545
Lineups,-1628963-1630551-1642267-1642273-1642848-,M. Bagley III - J. Champagnie - B. Carrington - K. George - T. Johnson,1610612764,WAS,1,0,1,0.0,2.0,0.0,0.0,250.0,250.0,-250.0,-250.0,0.0,0.0,0.0,0.0,0.0,0.0,0.0,0.0,0.0,92.5,105.69,88.07,4,-0.231,73,63,36,63,147,206,270,271,166,111,166,134,192,212,1,193,206,165,244,5450
Lineups,-1631103-1641715-1642267-1642273-1642860-,M. Branham - C. Whitmore - B. Carrington - K. George - W. Riley,1610612764,WAS,1,0,1,0.0,2.0,123.0,150.0,67.6,75.0,55.4,75.0,1.0,2.0,22.2,1.0,0.25,0.571,0.25,0.4,0.51,93.2,80.0,66.67,4,1.222,73,63,36,63,118,36,74,27,1,29,58,1,186,59,212,146,135,271,20,7200
Lineups,-1631103-1641715-1641774-1642267-1642860-,M. Branham - C. Whitmore - T. Vukcevic - B. Carrington - W. Riley,1610612764,WAS,1,0,1,0.0,2.0,69.4,66.7,233.3,233.3,-163.9,-166.7,1.0,0.0,20.0,0.333,0.0,0.2,0.0,0.333,0.258,85.5,87.27,72.73,3,-0.063,73,63,36,63,163,167,265,256,1,111,72,69,192,202,1,157,189,252,227,4950
Lineups,-1631103-1641774-1642267-1642364-1642860-,M. Branham - T. Vukcevic - B. Carrington - J. Watkins - W. Riley,1610612764,WAS,1,0,1,0.0,2.0,106.4,80.0,125.0,125.0,-18.6,-45.0,0.0,0.0,0.0,0.0,1.0,0.5,0.2,0.0,0.725,90.8,105.37,87.8,5,0.2,73,63,36,63,134,156,168,183,166,111,166,134,1,81,194,193,62,170,171,6150
Lineups,-1641774-1642267-1642364-1642848-1642860-,T. Vukcevic - B. Carrington - J. Watkins - T. Johnson - W. Riley,1610612764,WAS,1,0,1,0.0,2.0,154.6,120.0,85.0,100.0,69.6,20.0,1.0,2.0,28.6,0.0,0.75,0.75,0.2,1.0,1.042,101.6,104.12,86.77,5,0.895,73,63,36,63,125,81,96,72,1,29,23,134,90,23,194,11,13,178,42,6915
Lineups,-1641774-1642267-1642273-1642364-1642860-,T. Vukcevic - B. Carrington - K. George - J. Watkins - W. Riley,1610612764,WAS,1,0,1,0.0,2.0,128.9,125.0,100.0,80.0,28.9,45.0,1.0,1.0,20.0,0.0,0.333,0.25,0.25,0.75,0.868,118.2,135.0,112.5,4,0.667,73,63,36,63,166,67,79,50,1,57,72,134,179,192,212,43,29,57,64,4800
Lineups,-1641774-1642267-1642273-1642848-1642860-,T. Vukcevic - B. Carrington - K. George - T. Johnson - W. Riley,1610612764,WAS,1,0,1,0.0,2.0,102.0,100.0,41.0,40.0,61.1,60.0,1.0,2.0,25.0,0.0,1.0,0.6,0.167,0.5,0.615,113.9,116.47,97.06,6,1.0,73,63,36,63,126,105,52,40,1,29,36,134,1,49,173,114,96,103,23,6800
Lineups,-1641774-1642273-1642364-1642848-1642860-,T. Vukcevic - K. George - J. Watkins - T. Johnson - W. Riley,1610612764,WAS,1,1,0,1.0,2.0,125.0,125.0,150.0,150.0,-25.0,-25.0,1.0,2.0,33.3,0.0,1.0,0.5,0.25,0.833,0.833,123.9,123.87,103.23,4,0.364,73,2,1,1,170,67,203,161,1,29,10,134,1,81,212,32,32,80,144,4650
Lineups,-1630264-1631103-1641774-1642273-1642860-,A. Gill - M. Branham - T. Vukcevic - K. George - W. Riley,1610612764,WAS,1,0,1,0.0,1.0,0.0,0.0,0.0,0.0,0.0,0.0,0.0,0.0,0.0,0.0,0.5,0.333,0.0,0.0,0.0,120.0,120.0,100.0,1,-1.0,73,63,36,63,228,206,1,88,166,111,166,134,150,172,1,193,206,91,267,1800
Lineups,-1642259-1642267-1642273-1642358-1642860-,A. Sarr - B. Carrington - K. George - A. Johnson - W. Riley,1610612764,WAS,1,0,1,0.0,1.0,0.0,0.0,200.0,100.0,-200.0,-100.0,0.0,0.0,0.0,0.0,0.0,0.0,1.0,0.0,0.0,58.8,88.16,73.47,1,-1.0,73,63,36,63,216,206,96,226,166,111,166,134,192,212,278,193,206,251,267,2450
Lineups,-1642259-1642267-1642273-1642364-1642848-,A. Sarr - B. Carrington - K. George - J. Watkins - T. Johnson,1610612764,WAS,1,0,1,0.0,1.0,300.0,300.0,0.0,0.0,300.0,300.0,1.0,0.0,50.0,0.0,0.0,0.0,0.0,1.5,1.5,142.6,142.57,118.81,1,1.667,73,63,36,63,233,1,1,1,1,111,1,134,192,212,1,1,1,41,12,1515
Lineups,-1641731-1642259-1642273-1642848-1642860-,B. Coulibaly - A. Sarr - K. George - T. Johnson - W. Riley,1610612764,WAS,1,0,1,0.0,1.0,150.0,150.0,138.9,133.3,11.1,16.7,1.0,0.0,33.3,0.0,1.0,0.5,0.0,0.75,0.75,97.6,100.0,83.33,2,0.429,73,63,36,63,186,36,187,75,1,111,10,134,1,81,1,43,48,209,126,3600
Lineups,-1641731-1641774-1642267-1642273-1642848-,B. Coulibaly - T. Vukcevic - B. Carrington - K. George - T. Johnson,1610612764,WAS,1,0,1,0.0,1.0,0.0,0.0,34.7,33.3,-34.7,-33.3,0.0,0.0,0.0,0.0,0.25,0.2,0.5,0.0,0.0,97.6,100.0,83.33,2,0.556,73,63,36,63,186,206,51,169,166,111,166,134,186,202,259,193,206,209,85,3600
Lineups,-1630557-1641731-1642259-1642267-1642273-,C. Kispert - B. Coulibaly - A. Sarr - B. Carrington - K. George,1610612764,WAS,1,0,1,0.0,1.0,0.0,0.0,200.0,200.0,-200.0,-200.0,0.0,0.0,0.0,0.0,0.0,0.0,0.5,0.0,0.0,84.7,84.71,70.59,2,-1.0,73,63,36,63,213,206,245,259,166,111,166,134,192,212,259,193,206,257,267,2550
Lineups,-1630557-1641731-1642267-1642273-1642848-,C. Kispert - B. Coulibaly - B. Carrington - K. George - T. Johnson,1610612764,WAS,1,0,1,0.0,1.0,34.7,33.3,150.0,150.0,-115.3,-116.7,0.0,0.0,0.0,0.0,0.0,0.0,0.333,0.0,0.266,130.4,133.58,111.32,3,-1.0,73,63,36,63,210,200,203,242,166,111,166,134,192,212,233,193,188,59,267,2695
Lineups,-1630557-1641715-1641731-1642259-1642267-,C. Kispert - C. Whitmore - B. Coulibaly - A. Sarr - B. Carrington,1610612764,WAS,1,1,0,1.0,1.0,266.0,166.7,150.0,150.0,116.0,16.7,1.0,0.0,25.0,0.0,0.0,0.0,0.0,1.5,1.33,88.7,114.29,95.24,3,0.778,73,2,1,1,197,22,203,75,1,111,36,134,192,212,1,1,4,116,52,3150
Lineups,-1630557-1641715-1641731-1642259-1642273-,C. Kispert - C. Whitmore - B. Coulibaly - A. Sarr - K. George,1610612764,WAS,1,0,1,0.0,1.0,0.0,0.0,100.0,100.0,-100.0,-100.0,0.0,0.0,0.0,0.0,1.0,0.5,0.5,0.0,0.0,91.9,122.55,102.13,2,-0.5,73,63,36,63,218,206,96,226,166,111,166,134,1,81,259,193,206,86,259,2350
Lineups,-1630557-1641715-1641731-1642267-1642848-,C. Kispert - C. Whitmore - B. Coulibaly - B. Carrington - T. Johnson,1610612764,WAS,1,0,1,0.0,1.0,100.0,100.0,186.2,175.0,-86.2,-75.0,0.5,0.5,20.0,0.0,0.0,0.0,0.5,1.0,1.0,131.5,135.53,112.94,4,0.1,73,63,36,63,179,105,238,210,108,92,72,134,192,212,259,11,15,55,183,4250
Lineups,-1630557-1641715-1641731-1642273-1642848-,C. Kispert - C. Whitmore - B. Coulibaly - K. George - T. Johnson,1610612764,WAS,1,0,1,0.0,1.0,106.4,100.0,106.4,100.0,0.0,0.0,0.0,0.0,0.0,0.0,0.167,0.143,0.0,0.0,0.532,76.3,81.13,67.61,2,-0.5,73,63,36,63,189,105,96,88,166,111,166,134,191,211,1,193,131,270,259,3550
Lineups,-1630557-1641715-1641731-1641774-1642273-,C. Kispert - C. Whitmore - B. Coulibaly - T. Vukcevic - K. George,1610612764,WAS,1,0,1,0.0,1.0,208.3,300.0,0.0,0.0,208.3,300.0,1.0,0.0,25.0,1.0,1.0,1.0,0.0,0.333,0.436,97.6,80.0,66.67,1,2.0,73,63,36,63,228,1,1,1,1,111,36,1,1,1,1,157,154,271,5,1800
Lineups,-203468-1641731-1641774-1642273-1642848-,C. McCollum - B. Coulibaly - T. Vukcevic - K. George - T. Johnson,1610612764,WAS,1,0,1,0.0,1.0,0.0,0.0,0.0,0.0,0.0,0.0,0.0,0.0,0.0,0.0,1.0,0.5,0.0,0.0,0.0,37.9,113.68,94.74,1,0.0,73,63,36,63,227,206,1,88,166,111,166,134,1,81,1,193,206,118,196,1900
Lineups,-203468-1630557-1641731-1641774-1642273-,C. McCollum - C. Kispert - B. Coulibaly - T. Vukcevic - K. George,1610612764,WAS,1,0,1,0.0,1.0,0.0,0.0,133.3,200.0,-133.3,-200.0,0.0,0.0,0.0,0.5,0.0,0.25,0.667,0.0,0.0,99.3,82.76,68.97,3,0.0,73,63,36,63,178,206,245,259,166,111,166,29,192,192,274,193,206,266,196,4350
Lineups,-203468-1630557-1641715-1641731-1641774-,C. McCollum - C. Kispert - C. Whitmore - B. Coulibaly - T. Vukcevic,1610612764,WAS,1,1,0,1.0,1.0,0.0,0.0,250.0,250.0,-250.0,-250.0,0.0,0.0,0.0,0.0,0.0,0.0,0.0,0.0,0.0,70.8,94.43,78.69,2,-0.222,73,2,1,1,200,206,270,271,166,111,166,134,192,212,1,193,206,229,243,3050
Lineups,-203468-1630557-1641774-1642259-1642273-,C. McCollum - C. Kispert - T. Vukcevic - A. Sarr - K. George,1610612764,WAS,1,0,1,0.0,1.0,200.0,100.0,300.0,150.0,-100.0,-50.0,1.0,0.0,33.3,0.0,1.0,1.0,0.0,1.0,1.0,58.8,117.55,97.96,2,0.571,73,63,36,63,216,105,203,187,1,111,10,134,1,1,1,11,15,99,81,2450
Lineups,-203468-1641715-1641731-1642273-1642848-,C. McCollum - C. Whitmore - B. Coulibaly - K. George - T. Johnson,1610612764,WAS,1,0,1,0.0,1.0,113.6,100.0,200.0,200.0,-86.4,-100.0,0.0,0.0,0.0,0.0,0.0,0.0,0.0,0.0,0.568,84.6,90.0,75.0,1,0.0,73,63,36,63,230,105,245,226,166,111,166,134,192,212,1,193,115,245,196,1600
Lineups,-203468-1630551-1642259-1642267-1642860-,C. McCollum - J. Champagnie - A. Sarr - B. Carrington - W. Riley,1610612764,WAS,1,0,1,0.0,1.0,138.9,200.0,123.0,150.0,15.9,50.0,1.0,0.0,50.0,0.0,1.0,0.5,0.0,1.0,0.694,107.4,83.08,69.23,1,0.4,73,63,36,63,212,10,203,46,1,111,1,134,1,81,1,11,72,265,135,2600
Lineups,-203468-1630551-1641731-1642259-1642267-,C. McCollum - J. Champagnie - B. Coulibaly - A. Sarr - B. Carrington,1610612764,WAS,1,1,0,1.0,1.0,0.0,0.0,104.2,100.0,-104.2,-100.0,0.0,0.0,0.0,0.0,0.0,0.0,0.333,0.0,0.0,96.2,98.18,81.82,3,4.0,73,2,1,1,174,206,96,226,166,111,166,134,192,212,233,193,206,217,1,4400
Lineups,-203468-1630551-1641731-1641774-1642860-,C. McCollum - J. Champagnie - B. Coulibaly - T. Vukcevic - W. Riley,1610612764,WAS,1,0,1,0.0,1.0,200.0,100.0,100.0,100.0,100.0,0.0,1.0,0.0,33.3,0.0,1.0,1.0,0.0,1.0,1.0,102.9,137.14,114.29,2,1.0,73,63,36,63,225,105,96,88,1,111,10,134,1,1,1,11,15,49,23,2100
Lineups,-203468-1630551-1630557-1642259-1642364-,C. McCollum - J. Champagnie - C. Kispert - A. Sarr - J. Watkins,1610612764,WAS,1,0,1,0.0,1.0,212.8,200.0,0.0,0.0,212.8,200.0,1.0,0.0,33.3,0.0,0.25,0.25,0.0,1.0,1.064,78.5,83.48,69.57,2,-10.0,73,63,36,63,191,10,1,5,1,111,10,134,186,192,1,11,11,263,282,3450
Lineups,-203468-1630551-1630557-1642259-1642848-,C. McCollum - J. Champagnie - C. Kispert - A. Sarr - T. Johnson,1610612764,WAS,1,0,1,0.0,1.0,0.0,0.0,250.0,250.0,-250.0,-250.0,0.0,0.0,0.0,0.0,0.0,0.0,0.0,0.0,0.0,93.9,93.91,78.26,1,-0.143,73,63,36,63,220,206,270,271,166,111,166,134,192,212,1,193,206,233,235,2300
Lineups,-203468-1630551-1630557-1641774-1642273-,C. McCollum - J. Champagnie - C. Kispert - T. Vukcevic - K. George,1610612764,WAS,1,0,1,0.0,1.0,0.0,0.0,200.0,200.0,-200.0,-200.0,0.0,0.0,0.0,0.0,0.0,0.0,0.5,0.0,0.0,90.0,135.0,112.5,2,-0.667,73,63,36,63,230,206,245,259,166,111,166,134,192,212,259,193,206,56,264,1600
Lineups,-203468-1630551-1641715-1642259-1642267-,C. McCollum - J. Champagnie - C. Whitmore - A. Sarr - B. Carrington,1610612764,WAS,2,1,1,0.5,1.0,69.4,40.0,25.8,25.0,43.7,15.0,0.0,0.0,0.0,0.25,1.0,0.571,0.0,0.0,0.258,110.6,147.27,122.73,5,0.0,27,2,36,36,174,195,46,78,166,111,166,96,1,59,1,193,189,38,196,4400
Lineups,-203468-1630551-1641715-1641731-1641774-,C. McCollum - J. Champagnie - C. Whitmore - B. Coulibaly - T. Vukcevic,1610612764,WAS,1,1,0,1.0,1.0,66.7,66.7,106.4,100.0,-39.7,-33.3,1.0,1.0,25.0,0.0,0.0,0.0,0.333,0.5,0.5,101.8,104.35,86.96,3,-1.0,73,2,1,1,191,167,96,169,1,57,36,134,192,212,233,114,141,176,267,3450
Lineups,-203468-1628963-1642267-1642364-1642848-,C. McCollum - M. Bagley III - B. Carrington - J. Watkins - T. Johnson,1610612764,WAS,1,0,1,0.0,1.0,100.0,66.7,106.4,100.0,-6.4,-33.3,1.0,0.0,20.0,0.5,0.5,0.5,0.0,0.333,0.333,82.2,105.88,88.24,3,0.5,73,63,36,63,194,167,96,169,1,111,72,29,150,81,1,157,174,160,97,3400
Lineups,-203468-1628963-1642267-1642273-1642860-,C. McCollum - M. Bagley III - B. Carrington - K. George - W. Riley,1610612764,WAS,1,0,1,0.0,1.0,87.2,100.0,100.0,100.0,-12.8,0.0,0.0,0.0,0.0,0.0,0.5,0.333,0.333,0.5,0.615,149.6,139.35,116.13,3,0.25,73,63,36,63,198,105,96,88,166,111,166,134,150,172,233,114,96,44,163,3100
Lineups,-203468-1628963-1641731-1642267-1642273-,C. McCollum - M. Bagley III - B. Coulibaly - B. Carrington - K. George,1610612764,WAS,1,0,1,0.0,1.0,0.0,0.0,69.4,66.7,-69.4,-66.7,0.0,0.0,0.0,0.0,1.0,0.5,0.0,0.0,0.0,79.9,81.82,68.18,2,3.0,73,63,36,63,174,206,66,203,166,111,166,134,1,81,1,193,206,268,2,4400
Lineups,-203468-1628963-1641731-1641774-1642267-,C. McCollum - M. Bagley III - B. Coulibaly - T. Vukcevic - B. Carrington,1610612764,WAS,1,1,0,1.0,1.0,150.0,100.0,150.0,150.0,0.0,-50.0,1.0,0.0,25.0,0.0,1.0,0.5,0.0,0.75,0.75,99.3,124.14,103.45,3,0.429,73,2,1,1,203,105,203,187,1,111,36,134,1,81,1,43,48,77,126,2900
Lineups,-203468-1628963-1630557-1641731-1642267-,C. McCollum - M. Bagley III - C. Kispert - B. Coulibaly - B. Carrington,1610612764,WAS,1,0,1,0.0,1.0,0.0,0.0,166.7,166.7,-166.7,-166.7,0.0,0.0,0.0,0.0,1.0,0.333,0.0,0.0,0.0,96.0,115.2,96.0,3,-0.167,73,63,36,63,183,206,230,256,166,111,166,134,1,172,1,193,206,111,240,3750
Lineups,-203468-1628963-1641715-1642267-1642273-,C. McCollum - M. Bagley III - C. Whitmore - B. Carrington - K. George,1610612764,WAS,2,0,2,0.0,1.0,100.0,75.0,163.9,200.0,-63.9,-125.0,1.0,1.0,20.0,0.0,0.0,0.0,0.25,0.75,0.75,128.9,130.91,109.09,4,0.13,27,63,225,63,174,161,245,246,1,57,72,134,192,212,212,43,48,64,178,4400
Lineups,-203468-1628963-1630551-1642364-1642860-,C. McCollum - M. Bagley III - J. Champagnie - J. Watkins - W. Riley,1610612764,WAS,1,0,1,0.0,1.0,0.0,0.0,0.0,0.0,0.0,0.0,0.0,0.0,0.0,0.667,0.5,0.6,0.0,0.0,0.0,118.9,91.91,76.6,1,0.429,73,63,36,63,218,206,1,88,166,111,166,20,150,49,1,193,206,242,126,2350
Lineups,-203468-1628963-1641774-1642267-1642848-,C. McCollum - M. Bagley III - T. Vukcevic - B. Carrington - T. Johnson,1610612764,WAS,1,0,1,0.0,1.0,100.0,100.0,0.0,0.0,100.0,100.0,1.0,0.0,25.0,0.5,1.0,0.667,0.0,0.333,0.333,77.8,103.78,86.49,2,1.0,73,63,36,63,208,105,1,17,1,111,36,29,1,32,1,157,174,181,23,2775
Lineups,-203468-1631103-1641774-1642267-1642364-,C. McCollum - M. Branham - T. Vukcevic - B. Carrington - J. Watkins,1610612764,WAS,1,0,1,0.0,1.0,0.0,0.0,150.0,150.0,-150.0,-150.0,0.0,0.0,0.0,0.0,0.0,0.0,0.0,0.0,0.0,130.9,163.64,136.36,3,-0.25,73,63,36,63,222,206,203,249,166,111,166,134,192,212,1,193,206,29,247,2200
Lineups,-203468-1641774-1642267-1642273-1642364-,C. McCollum - T. Vukcevic - B. Carrington - K. George - J. Watkins,1610612764,WAS,1,0,1,0.0,1.0,173.6,166.7,166.7,125.0,6.9,41.7,1.0,1.0,25.0,0.0,0.0,0.0,0.333,1.5,1.33,141.1,168.0,140.0,3,0.455,73,63,36,63,201,22,168,52,1,57,36,134,192,212,233,1,4,27,115,3000
Lineups,-1641715-1641731-1642267-1642273-1642848-,C. Whitmore - B. Coulibaly - B. Carrington - K. George - T. Johnson,1610612764,WAS,1,0,1,0.0,1.0,0.0,0.0,250.0,250.0,-250.0,-250.0,0.0,0.0,0.0,0.0,0.0,0.0,0.0,0.0,0.0,78.5,104.73,87.27,2,-0.154,73,63,36,63,209,206,270,271,166,111,166,134,192,212,1,193,206,174,238,2750
Lineups,-1630551-1641731-1642259-1642273-1642848-,J. Champagnie - B. Coulibaly - A. Sarr - K. George - T. Johnson,1610612764,WAS,1,0,1,0.0,1.0,200.0,200.0,200.0,100.0,0.0,100.0,0.0,0.0,0.0,0.0,0.0,0.0,0.0,1.0,1.0,56.5,84.71,70.59,1,0.4,73,63,36,63,213,10,96,17,166,111,166,134,192,212,1,11,15,257,135,2550
Lineups,-1630551-1630557-1642259-1642267-1642364-,J. Champagnie - C. Kispert - A. Sarr - B. Carrington - J. Watkins,1610612764,WAS,1,0,1,0.0,1.0,0.0,0.0,300.0,300.0,-300.0,-300.0,0.0,0.0,0.0,0.5,0.0,0.25,0.0,0.0,0.0,73.2,97.63,81.36,2,-0.231,73,63,36,63,202,206,276,276,166,111,166,29,192,192,1,193,206,218,244,2950
Lineups,-1630551-1630557-1641731-1641774-1642267-,J. Champagnie - C. Kispert - B. Coulibaly - T. Vukcevic - B. Carrington,1610612764,WAS,1,0,1,0.0,1.0,250.0,250.0,106.4,66.7,143.6,183.3,0.5,0.0,25.0,1.0,0.5,0.667,0.0,0.833,0.833,96.3,124.14,103.45,2,0.929,73,63,36,63,203,7,66,7,108,111,36,1,150,32,1,32,32,77,40,2900
Lineups,-1630551-1641715-1642259-1642267-1642273-,J. Champagnie - C. Whitmore - A. Sarr - B. Carrington - K. George,1610612764,WAS,2,0,2,0.0,1.0,138.9,133.3,69.4,66.7,69.4,66.7,1.0,1.0,25.0,0.0,1.0,1.0,0.333,1.0,1.064,149.2,155.4,129.5,3,1.0,27,63,225,63,207,52,66,33,1,57,36,134,1,1,233,11,11,36,23,2780
Lineups,-1630551-1641715-1641731-1642259-1642267-,J. Champagnie - C. Whitmore - B. Coulibaly - A. Sarr - B. Carrington,1610612764,WAS,1,1,0,1.0,1.0,144.9,133.3,75.0,100.0,69.9,33.3,0.0,0.0,0.0,0.0,0.5,0.5,0.0,1.0,0.725,124.8,110.77,92.31,3,1.286,73,2,1,1,181,52,96,58,166,111,166,134,150,81,1,11,62,130,18,3900
Lineups,-1630551-1631103-1641774-1642267-1642860-,J. Champagnie - M. Branham - T. Vukcevic - B. Carrington - W. Riley,1610612764,WAS,1,0,1,0.0,1.0,20.5,20.0,175.0,175.0,-154.5,-155.0,0.0,0.0,0.0,0.0,0.0,0.0,0.4,0.0,0.174,143.7,145.62,121.35,5,-0.429,73,63,36,63,172,205,238,254,166,111,166,134,192,212,253,193,202,39,258,4450
Lineups,-1630551-1631103-1641774-1642273-1642860-,J. Champagnie - M. Branham - T. Vukcevic - K. George - W. Riley,1610612764,WAS,1,0,1,0.0,1.0,0.0,0.0,200.0,200.0,-200.0,-200.0,0.0,0.0,0.0,0.0,0.0,0.0,1.0,0.0,0.0,139.4,139.35,116.13,2,-2.0,73,63,36,63,232,206,245,259,166,111,166,134,192,212,278,193,206,45,276,1550
Lineups,-1630551-1641774-1642267-1642358-1642860-,J. Champagnie - T. Vukcevic - B. Carrington - A. Johnson - W. Riley,1610612764,WAS,1,0,1,0.0,1.0,100.0,100.0,100.0,66.7,0.0,33.3,1.0,0.0,33.3,0.0,1.0,0.5,0.0,0.5,0.5,88.6,110.77,92.31,2,0.364,73,63,36,63,196,105,66,58,1,111,10,134,1,81,1,114,141,128,144,3250
Lineups,-203114-1630557-1642259-1642273-1642848-,K. Middleton - C. Kispert - A. Sarr - K. George - T. Johnson,1610612764,WAS,1,0,1,0.0,1.0,0.0,0.0,100.0,100.0,-100.0,-100.0,0.0,0.0,0.0,0.0,1.0,0.5,0.25,0.0,0.0,118.4,138.08,115.07,4,-0.25,73,63,36,63,185,206,96,226,166,111,166,134,1,81,212,193,206,47,247,3650
Lineups,-203114-1630557-1641731-1642267-1642273-,K. Middleton - C. Kispert - B. Coulibaly - B. Carrington - K. George,1610612764,WAS,1,0,1,0.0,1.0,0.0,0.0,300.0,300.0,-300.0,-300.0,0.0,0.0,0.0,0.0,0.0,0.0,0.0,0.0,0.0,56.5,84.71,70.59,2,-0.25,73,63,36,63,213,206,276,276,166,111,166,134,192,212,1,193,206,257,247,2550
Lineups,-203114-1630557-1641715-1642267-1642273-,K. Middleton - C. Kispert - C. Whitmore - B. Carrington - K. George,1610612764,WAS,1,0,1,0.0,1.0,0.0,0.0,66.7,50.0,-66.7,-50.0,0.0,0.0,0.0,0.0,0.5,0.25,0.333,0.0,0.0,113.7,132.63,110.53,3,0.0,73,63,36,63,182,206,54,187,166,111,166,134,150,192,233,193,206,61,196,3800
Lineups,-203114-203468-1642259-1642848-1642860-,K. Middleton - C. McCollum - A. Sarr - T. Johnson - W. Riley,1610612764,WAS,1,1,0,1.0,1.0,170.5,150.0,100.0,66.7,70.5,83.3,0.0,0.0,0.0,0.0,0.0,0.0,0.0,0.0,0.852,95.0,126.32,105.26,2,2.0,73,2,1,1,205,36,66,24,166,111,166,134,192,212,1,193,31,71,5,2850
Lineups,-203114-203468-1641731-1642273-1642848-,K. Middleton - C. McCollum - B. Coulibaly - K. George - T. Johnson,1610612764,WAS,1,0,1,0.0,1.0,129.3,100.0,106.4,100.0,22.9,0.0,0.0,0.0,0.0,0.5,0.0,0.5,0.0,0.0,0.647,138.7,165.14,137.61,3,1.0,73,63,36,63,223,105,96,88,166,111,166,29,192,81,1,193,86,28,23,2180
Lineups,-203114-203468-1630551-1631103-1642259-,K. Middleton - C. McCollum - J. Champagnie - M. Branham - A. Sarr,1610612764,WAS,1,1,0,1.0,1.0,154.6,150.0,125.0,125.0,29.6,25.0,0.667,0.0,33.3,0.0,0.5,0.5,0.0,1.0,0.773,127.5,129.44,107.87,4,0.762,73,2,1,1,172,36,168,67,80,111,10,134,150,81,1,11,41,68,53,4450
Lineups,-203114-203468-1628963-1641731-1642848-,K. Middleton - C. McCollum - M. Bagley III - B. Coulibaly - T. Johnson,1610612764,WAS,1,0,1,0.0,1.0,100.0,100.0,300.0,150.0,-200.0,-50.0,0.0,0.0,0.0,0.5,0.0,0.5,0.0,0.333,0.333,69.7,92.9,77.42,2,0.091,73,63,36,63,198,105,203,187,166,111,166,29,192,81,1,157,174,238,186,3100
Lineups,-203114-203468-1628963-1641715-1641731-,K. Middleton - C. McCollum - M. Bagley III - C. Whitmore - B. Coulibaly,1610612764,WAS,1,1,0,1.0,1.0,300.0,300.0,208.3,150.0,91.7,150.0,0.0,0.0,0.0,1.0,1.0,1.0,0.0,0.75,0.75,90.1,110.77,92.31,1,0.455,73,2,1,1,226,1,203,8,166,111,166,1,1,1,1,43,48,132,115,1950
Lineups,-203114-203468-1641774-1642267-1642860-,K. Middleton - C. McCollum - T. Vukcevic - B. Carrington - W. Riley,1610612764,WAS,1,1,0,1.0,1.0,0.0,0.0,66.7,50.0,-66.7,-50.0,0.0,0.0,0.0,0.0,1.0,0.4,0.0,0.0,0.0,116.8,136.22,113.51,3,-1.0,73,2,1,1,184,206,54,187,166,111,166,134,1,160,1,193,206,52,267,3700
Lineups,-203114-1641715-1642259-1642267-1642273-,K. Middleton - C. Whitmore - A. Sarr - B. Carrington - K. George,1610612764,WAS,1,0,1,0.0,1.0,0.0,0.0,150.0,150.0,-150.0,-150.0,0.0,0.0,0.0,0.0,0.0,0.0,0.333,0.0,0.0,108.7,135.85,113.21,3,-1.0,73,63,36,63,211,206,203,249,166,111,166,134,192,212,233,193,206,53,267,2650
Lineups,-203114-1641715-1641774-1642267-1642848-,K. Middleton - C. Whitmore - T. Vukcevic - B. Carrington - T. Johnson,1610612764,WAS,1,0,1,0.0,1.0,0.0,0.0,125.0,125.0,-125.0,-125.0,0.0,0.0,0.0,0.0,0.667,0.333,0.0,0.0,0.0,140.0,160.0,133.33,4,-0.071,73,63,36,63,186,206,168,246,166,111,166,134,107,172,1,193,206,31,229,3600
Lineups,-203114-1630551-1641731-1642259-1642267-,K. Middleton - J. Champagnie - B. Coulibaly - A. Sarr - B. Carrington,1610612764,WAS,1,1,0,1.0,1.0,133.3,133.3,0.0,0.0,133.3,133.3,1.0,2.0,40.0,0.0,1.0,1.0,0.333,1.0,1.0,105.4,122.93,102.44,3,1.4,73,2,1,1,180,52,1,10,1,29,8,134,1,1,233,11,15,83,17,4100
Lineups,-203114-1628963-1630557-1642267-1642273-,K. Middleton - M. Bagley III - C. Kispert - B. Carrington - K. George,1610612764,WAS,1,0,1,0.0,1.0,0.0,0.0,100.0,100.0,-100.0,-100.0,0.0,0.0,0.0,0.0,1.0,1.0,1.0,0.0,0.0,134.0,133.95,111.63,2,-0.5,73,63,36,63,224,206,96,226,166,111,166,134,1,1,278,193,206,58,259,2150
Lineups,-1628963-1630557-1641731-1642267-1642273-,M. Bagley III - C. Kispert - B. Coulibaly - B. Carrington - K. George,1610612764,WAS,2,0,2,0.0,1.0,0.0,0.0,0.0,0.0,0.0,0.0,0.0,0.0,0.0,1.0,1.0,1.0,0.75,0.0,0.0,102.9,123.43,102.86,4,0.556,27,63,225,63,190,206,1,88,166,111,166,1,1,1,275,193,206,81,85,3500
Lineups,-1628963-1630557-1641715-1641731-1642273-,M. Bagley III - C. Kispert - C. Whitmore - B. Coulibaly - K. George,1610612764,WAS,1,0,1,0.0,1.0,123.0,150.0,0.0,0.0,123.0,150.0,0.0,0.0,0.0,0.5,0.5,0.5,0.0,0.333,0.436,107.7,93.91,78.26,2,1.667,73,63,36,63,220,36,1,8,166,111,166,29,150,81,1,157,154,233,12,2300
Lineups,-1628963-1641715-1641731-1642267-1642273-,M. Bagley III - C. Whitmore - B. Coulibaly - B. Carrington - K. George,1610612764,WAS,1,0,1,0.0,1.0,300.0,300.0,250.0,250.0,50.0,50.0,1.0,0.0,50.0,0.0,0.0,0.0,0.0,1.5,1.5,83.5,83.48,69.57,2,0.533,73,63,36,63,191,1,270,46,1,111,1,134,192,212,1,1,1,263,92,3450
Lineups,-1631103-1641731-1642259-1642267-1642860-,M. Branham - B. Coulibaly - A. Sarr - B. Carrington - W. Riley,1610612764,WAS,1,0,1,0.0,1.0,0.0,0.0,100.0,100.0,-100.0,-100.0,0.0,0.0,0.0,0.333,1.0,0.5,0.0,0.0,0.0,75.8,101.05,84.21,2,-0.143,73,63,36,63,205,206,96,226,166,111,166,69,1,81,1,193,206,200,235,2850
Lineups,-1631103-1641774-1642267-1642273-1642860-,M. Branham - T. Vukcevic - B. Carrington - K. George - W. Riley,1610612764,WAS,1,0,1,0.0,1.0,0.0,0.0,150.0,150.0,-150.0,-150.0,0.0,0.0,0.0,0.333,1.0,0.5,0.0,0.0,0.0,107.5,107.46,89.55,3,-0.667,73,63,36,63,195,206,203,249,166,111,166,69,1,81,1,193,206,148,264,3350
Lineups,-1642259-1642267-1642273-1642848-1642860-,A. Sarr - B. Carrington - K. George - T. Johnson - W. Riley,1610612764,WAS,1,0,1,0.0,0.0,0.0,0.0,227.3,200.0,-227.3,-200.0,0.0,0.0,0.0,0.0,0.0,0.0,0.0,0.0,0.0,100.3,106.67,88.89,1,-2.0,73,63,36,63,238,206,245,259,166,111,166,134,192,212,1,193,206,151,276,1350
Lineups,-203468-1630557-1642259-1642273-1642848-,C. McCollum - C. Kispert - A. Sarr - K. George - T. Johnson,1610612764,WAS,1,0,1,0.0,0.0,200.0,200.0,0.0,0.0,200.0,200.0,0.0,0.0,0.0,0.0,0.0,0.0,0.0,1.0,1.0,225.0,450.0,375.0,1,1.0,73,63,36,63,269,10,1,5,166,111,166,134,192,212,1,11,15,11,23,320
Lineups,-203468-1630557-1641715-1642259-1642848-,C. McCollum - C. Kispert - C. Whitmore - A. Sarr - T. Johnson,1610612764,WAS,2,0,2,0.0,0.0,113.6,100.0,200.0,100.0,-86.4,0.0,0.0,0.0,0.0,0.0,0.0,0.0,0.0,0.0,0.568,100.3,160.0,133.33,1,0.0,27,63,225,63,238,105,96,88,166,111,166,134,192,212,1,193,115,31,196,1350
Lineups,-203468-1630557-1641715-1642267-1642273-,C. McCollum - C. Kispert - C. Whitmore - B. Carrington - K. George,1610612764,WAS,1,0,1,0.0,0.0,0.0,0.0,-1666.7,200.0,1666.7,-200.0,0.0,0.0,0.0,1.0,0.0,0.5,0.0,0.0,0.0,103.0,234.15,195.12,1,-2.0,73,63,36,63,263,206,245,259,166,111,166,1,192,81,1,193,206,16,276,615
Lineups,-203468-1630557-1641715-1642267-1642848-,C. McCollum - C. Kispert - C. Whitmore - B. Carrington - T. Johnson,1610612764,WAS,1,0,1,0.0,0.0,0.0,0.0,0.0,0.0,0.0,0.0,0.0,0.0,0.0,1.0,0.0,1.0,0.0,0.0,0.0,200.0,200.0,166.67,1,1.0,73,63,36,63,267,206,1,88,166,111,166,1,192,1,1,193,206,22,23,360
Lineups,-203468-1630557-1641774-1642267-1642848-,C. McCollum - C. Kispert - T. Vukcevic - B. Carrington - T. Johnson,1610612764,WAS,1,0,1,0.0,0.0,0.0,0.0,200.0,200.0,-200.0,-200.0,0.0,0.0,0.0,0.0,0.0,0.0,0.0,0.0,0.0,102.9,205.71,171.43,1,0.0,73,63,36,63,258,206,245,259,166,111,166,134,192,212,1,193,206,20,196,700
Lineups,-203468-1630551-1641731-1641774-1642273-,C. McCollum - J. Champagnie - B. Coulibaly - T. Vukcevic - K. George,1610612764,WAS,1,0,1,0.0,0.0,0.0,0.0,0.0,0.0,0.0,0.0,0.0,0.0,0.0,0.0,0.0,0.0,0.0,0.0,0.0,0.0,102.86,85.71,0,1.0,73,63,36,63,258,206,1,88,166,111,166,134,192,212,1,193,206,186,23,700
Lineups,-203468-1630551-1641715-1642259-1642848-,C. McCollum - J. Champagnie - C. Whitmore - A. Sarr - T. Johnson,1610612764,WAS,1,0,1,0.0,0.0,0.0,0.0,0.0,0.0,0.0,0.0,0.0,0.0,0.0,0.0,0.0,0.0,0.0,0.0,0.0,110.8,110.77,92.31,0,0.0,73,63,36,63,261,206,1,88,166,111,166,134,192,212,1,193,206,133,196,650
Lineups,-203468-1630551-1641715-1642267-1642848-,C. McCollum - J. Champagnie - C. Whitmore - B. Carrington - T. Johnson,1610612764,WAS,1,0,1,0.0,0.0,0.0,0.0,113.6,100.0,-113.6,-100.0,0.0,0.0,0.0,0.0,0.0,0.0,0.0,0.0,0.0,408.8,464.51,387.09,0,1.0,73,63,36,63,272,206,96,226,166,111,166,134,192,212,1,193,206,10,23,155
Lineups,-203468-1630551-1631103-1641774-1642267-,C. McCollum - J. Champagnie - M. Branham - T. Vukcevic - B. Carrington,1610612764,WAS,1,1,0,1.0,0.0,0.0,0.0,0.0,0.0,0.0,0.0,0.0,0.0,0.0,0.0,0.0,0.0,1.0,0.0,0.0,148.5,148.45,123.71,1,0.5,73,2,1,1,250,206,1,88,166,111,166,134,192,212,278,193,206,37,97,970
Lineups,-203468-1628963-1642267-1642848-1642860-,C. McCollum - M. Bagley III - B. Carrington - T. Johnson - W. Riley,1610612764,WAS,1,1,0,1.0,0.0,41.0,100.0,0.0,0.0,41.0,100.0,0.0,0.0,0.0,1.0,0.0,1.0,0.0,0.0,0.205,119.1,48.81,40.68,1,1.0,73,2,1,1,235,105,1,17,166,111,166,1,192,1,1,193,199,280,23,1475
Lineups,-203468-1628963-1641731-1642273-1642848-,C. McCollum - M. Bagley III - B. Coulibaly - K. George - T. Johnson,1610612764,WAS,1,0,1,0.0,0.0,0.0,0.0,113.6,100.0,-113.6,-100.0,0.0,0.0,0.0,0.0,0.0,0.0,0.0,0.0,0.0,128.9,137.14,114.29,1,2.0,73,63,36,63,247,206,96,226,166,111,166,134,192,212,1,193,206,51,5,1050
Lineups,-203468-1628963-1630557-1642267-1642273-,C. McCollum - M. Bagley III - C. Kispert - B. Carrington - K. George,1610612764,WAS,1,0,1,0.0,0.0,0.0,0.0,0.0,0.0,0.0,0.0,0.0,0.0,0.0,0.0,0.0,0.0,0.0,0.0,0.0,65.5,130.91,109.09,1,0.0,73,63,36,63,246,206,1,88,166,111,166,134,192,212,1,193,206,65,196,1100
Lineups,-203468-1628963-1641715-1642267-1642860-,C. McCollum - M. Bagley III - C. Whitmore - B. Carrington - W. Riley,1610612764,WAS,1,0,1,0.0,0.0,0.0,0.0,0.0,0.0,0.0,0.0,0.0,0.0,0.0,0.0,0.0,0.0,0.0,0.0,0.0,102.9,205.71,171.43,1,0.0,73,63,36,63,258,206,1,88,166,111,166,134,192,212,1,193,206,20,196,700
Lineups,-203468-1628963-1641715-1641731-1642267-,C. McCollum - M. Bagley III - C. Whitmore - B. Coulibaly - B. Carrington,1610612764,WAS,1,0,1,0.0,0.0,0.0,0.0,0.0,0.0,0.0,0.0,0.0,0.0,0.0,0.0,1.0,1.0,0.0,0.0,0.0,160.0,320.0,266.67,1,0.0,73,63,36,63,266,206,1,88,166,111,166,134,1,1,1,193,206,15,196,450
Lineups,-203468-1641774-1642267-1642364-1642848-,C. McCollum - T. Vukcevic - B. Carrington - J. Watkins - T. Johnson,1610612764,WAS,1,1,0,1.0,0.0,0.0,0.0,0.0,100.0,0.0,-100.0,0.0,0.0,0.0,0.0,0.0,0.0,0.0,0.0,0.0,57.6,172.8,144.0,1,-0.4,73,2,1,1,242,206,96,226,166,111,166,134,192,212,1,193,206,24,257,1250
Lineups,-203468-1641774-1642267-1642273-1642848-,C. McCollum - T. Vukcevic - B. Carrington - K. George - T. Johnson,1610612764,WAS,1,0,1,0.0,0.0,82.0,100.0,0.0,0.0,82.0,100.0,0.0,0.0,0.0,1.0,0.0,1.0,0.0,0.333,0.291,302.9,372.41,310.35,2,0.333,73,63,36,63,264,105,1,17,166,111,166,1,192,1,1,157,184,13,150,580
Lineups,-1641715-1641731-1642259-1642267-1642848-,C. Whitmore - B. Coulibaly - A. Sarr - B. Carrington - T. Johnson,1610612764,WAS,1,0,1,0.0,0.0,0.0,0.0,0.0,0.0,0.0,0.0,0.0,0.0,0.0,1.0,0.0,1.0,0.0,0.0,0.0,114.3,228.57,190.48,1,0.0,73,63,36,63,262,206,1,88,166,111,166,1,192,1,1,193,206,17,196,630
Lineups,-1630551-1630557-1641731-1642259-1642273-,J. Champagnie - C. Kispert - B. Coulibaly - A. Sarr - K. George,1610612764,WAS,1,0,1,0.0,0.0,0.0,0.0,227.3,200.0,-227.3,-200.0,0.0,0.0,0.0,0.0,0.0,0.0,0.0,0.0,0.0,437.0,496.55,413.8,0,-1.0,73,63,36,63,273,206,245,259,166,111,166,134,192,212,1,193,206,9,267,145
Lineups,-1630551-1630557-1641731-1642267-1642364-,J. Champagnie - C. Kispert - B. Coulibaly - B. Carrington - J. Watkins,1610612764,WAS,1,0,1,0.0,0.0,0.0,0.0,0.0,0.0,0.0,0.0,0.0,0.0,0.0,0.0,0.0,0.0,0.0,0.0,0.0,0.0,600.0,500.0,0,0.0,73,63,36,63,274,206,1,88,166,111,166,134,192,212,1,193,206,8,196,120
Lineups,-1630551-1630557-1641731-1642267-1642273-,J. Champagnie - C. Kispert - B. Coulibaly - B. Carrington - K. George,1610612764,WAS,1,0,1,0.0,0.0,113.6,50.0,200.0,200.0,-86.4,-150.0,0.0,0.0,0.0,0.0,0.0,0.0,0.0,0.0,0.568,101.4,161.8,134.83,2,0.0,73,63,36,63,240,182,245,249,166,111,166,134,192,212,1,193,115,30,196,1335
Lineups,-1630551-1641715-1642267-1642364-1642860-,J. Champagnie - C. Whitmore - B. Carrington - J. Watkins - W. Riley,1610612764,WAS,1,0,1,0.0,0.0,0.0,0.0,200.0,200.0,-200.0,-200.0,0.0,0.0,0.0,0.0,0.0,0.0,0.0,0.0,0.0,342.9,685.71,571.43,1,0.0,73,63,36,63,270,206,245,259,166,111,166,134,192,212,1,193,206,7,196,210
Lineups,-1630551-1631103-1642259-1642267-1642364-,J. Champagnie - M. Branham - A. Sarr - B. Carrington - J. Watkins,1610612764,WAS,1,1,0,1.0,0.0,0.0,0.0,0.0,0.0,0.0,0.0,0.0,0.0,0.0,0.0,0.0,0.0,0.0,0.0,0.0,125.2,125.22,104.35,0,0.0,73,2,1,1,265,206,1,88,166,111,166,134,192,212,1,193,206,74,196,575
Lineups,-1630551-1631103-1641715-1642259-1642267-,J. Champagnie - M. Branham - C. Whitmore - A. Sarr - B. Carrington,1610612764,WAS,1,0,1,0.0,0.0,0.0,0.0,0.0,0.0,0.0,0.0,0.0,0.0,0.0,0.0,0.0,0.0,0.0,0.0,0.0,105.9,105.88,88.24,1,0.167,73,63,36,63,237,206,1,88,166,111,166,134,192,212,1,193,206,159,174,1360
Lineups,-1630551-1631103-1641774-1642364-1642860-,J. Champagnie - M. Branham - T. Vukcevic - J. Watkins - W. Riley,1610612764,WAS,1,0,1,0.0,0.0,0.0,0.0,0.0,0.0,0.0,0.0,0.0,0.0,0.0,0.0,0.0,0.0,0.0,0.0,0.0,0.0,0.0,0.0,0,0.0,73,63,36,63,281,206,1,88,166,111,166,134,192,212,1,193,206,281,196,0
Lineups,-203114-1630557-1642267-1642273-1642848-,K. Middleton - C. Kispert - B. Carrington - K. George - T. Johnson,1610612764,WAS,1,0,1,0.0,0.0,0.0,0.0,0.0,0.0,0.0,0.0,0.0,0.0,0.0,0.0,0.0,0.0,0.0,0.0,0.0,0.0,1600.0,1333.33,1,0.0,73,63,36,63,278,206,1,88,166,111,166,134,192,212,1,193,206,4,196,45
Lineups,-203114-203468-1642267-1642273-1642848-,K. Middleton - C. McCollum - B. Carrington - K. George - T. Johnson,1610612764,WAS,1,1,0,1.0,0.0,0.0,0.0,0.0,0.0,0.0,0.0,0.0,0.0,0.0,0.0,0.0,0.0,0.0,0.0,0.0,0.0,86.75,72.29,1,0.0,73,2,1,1,255,206,1,88,166,111,166,134,192,212,1,193,206,254,196,830
Lineups,-203114-203468-1630551-1641774-1642273-,K. Middleton - C. McCollum - J. Champagnie - T. Vukcevic - K. George,1610612764,WAS,1,0,1,0.0,0.0,0.0,0.0,200.0,200.0,-200.0,-200.0,0.0,0.0,0.0,0.0,0.0,0.0,0.5,0.0,0.0,115.2,172.8,144.0,2,-0.5,73,63,36,63,242,206,245,259,166,111,166,134,192,212,259,193,206,24,259,1250
Lineups,-203114-203468-1628963-1642267-1642364-,K. Middleton - C. McCollum - M. Bagley III - B. Carrington - J. Watkins,1610612764,WAS,1,0,1,0.0,0.0,0.0,0.0,0.0,0.0,0.0,0.0,0.0,0.0,0.0,0.0,0.0,0.0,0.0,0.0,0.0,0.0,90.0,75.0,1,0.0,73,63,36,63,256,206,1,88,166,111,166,134,192,212,1,193,206,247,196,800
Lineups,-203114-203468-1641774-1642259-1642273-,K. Middleton - C. McCollum - T. Vukcevic - A. Sarr - K. George,1610612764,WAS,1,0,1,0.0,0.0,208.3,300.0,0.0,0.0,208.3,300.0,0.0,0.0,0.0,1.0,0.0,1.0,0.0,0.5,0.615,122.0,84.71,70.59,1,1.667,73,63,36,63,254,1,1,1,166,111,166,1,192,1,1,114,96,256,12,850
Lineups,-203114-1641715-1641731-1642267-1642273-,K. Middleton - C. Whitmore - B. Coulibaly - B. Carrington - K. George,1610612764,WAS,1,0,1,0.0,0.0,0.0,0.0,0.0,0.0,0.0,0.0,0.0,0.0,0.0,0.0,0.0,0.0,0.0,0.0,0.0,0.0,0.0,0.0,0,0.0,73,63,36,63,281,206,1,88,166,111,166,134,192,212,1,193,206,281,196,0
Lineups,-203114-1641715-1641774-1642267-1642273-,K. Middleton - C. Whitmore - T. Vukcevic - B. Carrington - K. George,1610612764,WAS,1,0,1,0.0,0.0,0.0,0.0,0.0,0.0,0.0,0.0,0.0,0.0,0.0,0.0,0.0,0.0,0.0,0.0,0.0,81.4,81.36,67.8,0,0.0,73,63,36,63,253,206,1,88,166,111,166,134,192,212,1,193,206,269,196,885
Lineups,-203114-1630551-1642259-1642267-1642273-,K. Middleton - J. Champagnie - A. Sarr - B. Carrington - K. George,1610612764,WAS,1,0,1,0.0,0.0,0.0,0.0,300.0,300.0,-300.0,-300.0,0.0,0.0,0.0,0.0,0.0,0.0,0.0,0.0,0.0,757.9,1515.77,1263.14,1,0.0,73,63,36,63,275,206,276,276,166,111,166,134,192,212,1,193,206,5,196,95
Lineups,-203114-1630551-1642259-1642273-1642848-,K. Middleton - J. Champagnie - A. Sarr - K. George - T. Johnson,1610612764,WAS,1,0,1,0.0,0.0,0.0,0.0,208.3,300.0,-208.3,-300.0,0.0,0.0,0.0,0.0,0.0,0.0,0.0,0.0,0.0,138.2,192.0,160.0,1,-0.25,73,63,36,63,257,206,276,276,166,111,166,134,192,212,1,193,206,23,247,750
Lineups,-203114-1630551-1642267-1642273-1642364-,K. Middleton - J. Champagnie - B. Carrington - K. George - J. Watkins,1610612764,WAS,2,0,2,0.0,0.0,0.0,0.0,286.9,350.0,-286.9,-350.0,0.0,0.0,0.0,0.0,0.0,0.0,0.0,0.0,0.0,174.8,214.93,179.1,1,-0.125,27,63,225,63,248,206,282,282,166,111,166,134,192,212,1,193,206,19,233,1005
Lineups,-203114-1630551-1630557-1642259-1642364-,K. Middleton - J. Champagnie - C. Kispert - A. Sarr - J. Watkins,1610612764,WAS,1,1,0,1.0,0.0,0.0,0.0,0.0,0.0,0.0,0.0,0.0,0.0,0.0,0.0,0.0,0.0,0.0,0.0,0.0,0.0,2400.0,2000.0,0,0.0,73,2,1,1,279,206,1,88,166,111,166,134,192,212,1,193,206,3,196,30
Lineups,-203114-1630551-1630557-1642259-1642273-,K. Middleton - J. Champagnie - C. Kispert - A. Sarr - K. George,1610612764,WAS,1,0,1,0.0,0.0,0.0,0.0,0.0,0.0,0.0,0.0,0.0,0.0,0.0,0.0,0.0,0.0,0.0,0.0,0.0,386.7,411.43,342.86,1,0.333,73,63,36,63,268,206,1,88,166,111,166,134,192,212,1,193,206,12,150,350
Lineups,-203114-1630551-1630557-1642267-1642848-,K. Middleton - J. Champagnie - C. Kispert - B. Carrington - T. Johnson,1610612764,WAS,1,0,1,0.0,0.0,0.0,0.0,0.0,0.0,0.0,0.0,0.0,0.0,0.0,0.0,0.0,0.0,0.0,0.0,0.0,72.0,144.0,120.0,1,2.0,73,63,36,63,249,206,1,88,166,111,166,134,192,212,1,193,206,40,5,1000
Lineups,-1628963-1642358-1642364-1642848-1642860-,M. Bagley III - A. Johnson - J. Watkins - T. Johnson - W. Riley,1610612764,WAS,1,0,1,0.0,0.0,0.0,0.0,300.0,300.0,-300.0,-300.0,0.0,0.0,0.0,0.0,0.0,0.0,0.5,0.0,0.0,151.6,227.37,189.47,2,-0.333,73,63,36,63,251,206,276,276,166,111,166,134,192,212,259,193,206,18,255,950
Lineups,-1628963-1641731-1642259-1642273-1642848-,M. Bagley III - B. Coulibaly - A. Sarr - K. George - T. Johnson,1610612764,WAS,1,0,1,0.0,0.0,0.0,0.0,0.0,0.0,0.0,0.0,0.0,0.0,0.0,0.0,0.0,0.0,0.0,0.0,0.0,0.0,3599.82,2999.85,1,0.0,73,63,36,63,280,206,1,88,166,111,166,134,192,212,1,193,206,1,196,20
Lineups,-1628963-1630557-1642267-1642848-1642860-,M. Bagley III - C. Kispert - B. Carrington - T. Johnson - W. Riley,1610612764,WAS,1,0,1,0.0,0.0,300.0,300.0,0.0,0.0,300.0,300.0,1.0,0.0,50.0,0.0,0.0,0.0,0.0,1.5,1.5,57.4,172.11,143.43,1,1.0,73,63,36,63,241,1,1,1,1,111,1,134,192,212,1,1,1,26,23,1255
Lineups,-1628963-1641715-1642259-1642267-1642273-,M. Bagley III - C. Whitmore - A. Sarr - B. Carrington - K. George,1610612764,WAS,1,0,1,0.0,0.0,0.0,0.0,0.0,0.0,0.0,0.0,0.0,0.0,0.0,0.0,1.0,1.0,0.0,0.0,0.0,0.0,2879.94,2399.95,1,0.0,73,63,36,63,276,206,1,88,166,111,166,134,1,1,1,193,206,2,196,50
Lineups,-1628963-1630551-1641731-1642273-1642848-,M. Bagley III - J. Champagnie - B. Coulibaly - K. George - T. Johnson,1610612764,WAS,1,0,1,0.0,0.0,0.0,0.0,0.0,0.0,0.0,0.0,0.0,0.0,0.0,0.0,0.0,0.0,0.0,0.0,0.0,0.0,1439.97,1199.98,0,0.0,73,63,36,63,276,206,1,88,166,111,166,134,192,212,1,193,206,6,196,50
Lineups,-1628963-1630551-1641715-1642267-1642848-,M. Bagley III - J. Champagnie - C. Whitmore - B. Carrington - T. Johnson,1610612764,WAS,1,0,1,0.0,0.0,0.0,0.0,0.0,0.0,0.0,0.0,0.0,0.0,0.0,0.0,0.0,0.0,0.0,0.0,0.0,59.8,59.75,49.79,0,0.0,73,63,36,63,244,206,1,88,166,111,166,134,192,212,1,193,206,279,196,1205
Lineups,-1628963-1630551-1641715-1641731-1642267-,M. Bagley III - J. Champagnie - C. Whitmore - B. Coulibaly - B. Carrington,1610612764,WAS,1,0,1,0.0,0.0,0.0,0.0,200.0,200.0,-200.0,-200.0,0.0,0.0,0.0,1.0,0.0,1.0,0.0,0.0,0.0,97.0,96.97,80.81,1,-3.0,73,63,36,63,234,206,245,259,166,111,166,1,192,1,1,193,206,222,280,1485
Lineups,-1628963-1630551-1641715-1641731-1642273-,M. Bagley III - J. Champagnie - C. Whitmore - B. Coulibaly - K. George,1610612764,WAS,1,0,1,0.0,0.0,0.0,0.0,0.0,0.0,0.0,0.0,0.0,0.0,0.0,1.0,0.0,1.0,0.0,0.0,0.0,105.5,105.49,87.91,1,0.0,73,63,36,63,236,206,1,88,166,111,166,1,192,1,1,193,206,168,196,1365
Lineups,-1631103-1641774-1642273-1642358-1642860-,M. Branham - T. Vukcevic - K. George - A. Johnson - W. Riley,1610612764,WAS,1,0,1,0.0,0.0,0.0,0.0,0.0,0.0,0.0,0.0,0.0,0.0,0.0,0.0,0.0,0.0,0.0,0.0,0.0,0.0,360.0,300.0,0,1.0,73,63,36,63,271,206,1,88,166,111,166,134,192,212,1,193,206,14,23,200
Lineups,-1630536-1642259-1642358-1642848-1642860-,S. Cooper - A. Sarr - A. Johnson - T. Johnson - W. Riley,1610612764,WAS,1,0,1,0.0,0.0,0.0,0.0,300.0,300.0,-300.0,-300.0,0.0,0.0,0.0,0.0,0.0,0.0,0.0,0.0,0.0,62.6,125.22,104.35,1,0.0,73,63,36,63,245,206,276,276,166,111,166,134,192,212,1,193,206,73,196,1150
Lineups,-1641774-1642267-1642273-1642364-1642848-,T. Vukcevic - B. Carrington - K. George - J. Watkins - T. Johnson,1610612764,WAS,1,1,0,1.0,0.0,0.0,0.0,0.0,0.0,0.0,0.0,0.0,0.0,0.0,0.0,0.0,0.0,1.0,0.0,0.0,160.0,160.0,133.33,1,0.5,73,2,1,1,252,206,1,88,166,111,166,134,192,212,278,193,206,31,97,900
